"species","sampling_area","prey_item","stomachs_with_prey","total_stomachs","frequency_occurrence"
"Astyanax_fasciatus","Area_1","prey_1",22,22,100
"Astyanax_fasciatus","Area_1","prey_10",22,22,100
"Astyanax_fasciatus","Area_1","prey_11",22,22,100
"Astyanax_fasciatus","Area_1","prey_12",22,22,100
"Astyanax_fasciatus","Area_1","prey_13",22,22,100
"Astyanax_fasciatus","Area_1","prey_14",22,22,100
"Astyanax_fasciatus","Area_1","prey_15",22,22,100
"Astyanax_fasciatus","Area_1","prey_16",22,22,100
"Astyanax_fasciatus","Area_1","prey_17",22,22,100
"Astyanax_fasciatus","Area_1","prey_18",22,22,100
"Astyanax_fasciatus","Area_1","prey_19",22,22,100
"Astyanax_fasciatus","Area_1","prey_2",22,22,100
"Astyanax_fasciatus","Area_1","prey_20",22,22,100
"Astyanax_fasciatus","Area_1","prey_21",22,22,100
"Astyanax_fasciatus","Area_1","prey_22",22,22,100
"Astyanax_fasciatus","Area_1","prey_23",22,22,100
"Astyanax_fasciatus","Area_1","prey_24",22,22,100
"Astyanax_fasciatus","Area_1","prey_25",22,22,100
"Astyanax_fasciatus","Area_1","prey_26",22,22,100
"Astyanax_fasciatus","Area_1","prey_27",22,22,100
"Astyanax_fasciatus","Area_1","prey_28",22,22,100
"Astyanax_fasciatus","Area_1","prey_29",22,22,100
"Astyanax_fasciatus","Area_1","prey_3",22,22,100
"Astyanax_fasciatus","Area_1","prey_30",22,22,100
"Astyanax_fasciatus","Area_1","prey_31",22,22,100
"Astyanax_fasciatus","Area_1","prey_32",22,22,100
"Astyanax_fasciatus","Area_1","prey_33",22,22,100
"Astyanax_fasciatus","Area_1","prey_34",22,22,100
"Astyanax_fasciatus","Area_1","prey_35",22,22,100
"Astyanax_fasciatus","Area_1","prey_36",22,22,100
"Astyanax_fasciatus","Area_1","prey_37",22,22,100
"Astyanax_fasciatus","Area_1","prey_38",22,22,100
"Astyanax_fasciatus","Area_1","prey_39",22,22,100
"Astyanax_fasciatus","Area_1","prey_4",22,22,100
"Astyanax_fasciatus","Area_1","prey_40",22,22,100
"Astyanax_fasciatus","Area_1","prey_41",22,22,100
"Astyanax_fasciatus","Area_1","prey_42",22,22,100
"Astyanax_fasciatus","Area_1","prey_43",22,22,100
"Astyanax_fasciatus","Area_1","prey_44",22,22,100
"Astyanax_fasciatus","Area_1","prey_45",22,22,100
"Astyanax_fasciatus","Area_1","prey_46",22,22,100
"Astyanax_fasciatus","Area_1","prey_47",22,22,100
"Astyanax_fasciatus","Area_1","prey_48",22,22,100
"Astyanax_fasciatus","Area_1","prey_49",22,22,100
"Astyanax_fasciatus","Area_1","prey_5",22,22,100
"Astyanax_fasciatus","Area_1","prey_50",22,22,100
"Astyanax_fasciatus","Area_1","prey_51",22,22,100
"Astyanax_fasciatus","Area_1","prey_52",22,22,100
"Astyanax_fasciatus","Area_1","prey_53",22,22,100
"Astyanax_fasciatus","Area_1","prey_54",22,22,100
"Astyanax_fasciatus","Area_1","prey_55",22,22,100
"Astyanax_fasciatus","Area_1","prey_56",22,22,100
"Astyanax_fasciatus","Area_1","prey_57",22,22,100
"Astyanax_fasciatus","Area_1","prey_58",22,22,100
"Astyanax_fasciatus","Area_1","prey_59",22,22,100
"Astyanax_fasciatus","Area_1","prey_6",22,22,100
"Astyanax_fasciatus","Area_1","prey_60",22,22,100
"Astyanax_fasciatus","Area_1","prey_7",22,22,100
"Astyanax_fasciatus","Area_1","prey_8",22,22,100
"Astyanax_fasciatus","Area_1","prey_9",22,22,100
"Astyanax_fasciatus","Area_2","prey_1",21,21,100
"Astyanax_fasciatus","Area_2","prey_10",21,21,100
"Astyanax_fasciatus","Area_2","prey_11",21,21,100
"Astyanax_fasciatus","Area_2","prey_12",21,21,100
"Astyanax_fasciatus","Area_2","prey_13",21,21,100
"Astyanax_fasciatus","Area_2","prey_14",21,21,100
"Astyanax_fasciatus","Area_2","prey_15",21,21,100
"Astyanax_fasciatus","Area_2","prey_16",21,21,100
"Astyanax_fasciatus","Area_2","prey_17",21,21,100
"Astyanax_fasciatus","Area_2","prey_18",21,21,100
"Astyanax_fasciatus","Area_2","prey_19",21,21,100
"Astyanax_fasciatus","Area_2","prey_2",21,21,100
"Astyanax_fasciatus","Area_2","prey_20",21,21,100
"Astyanax_fasciatus","Area_2","prey_21",21,21,100
"Astyanax_fasciatus","Area_2","prey_22",21,21,100
"Astyanax_fasciatus","Area_2","prey_23",21,21,100
"Astyanax_fasciatus","Area_2","prey_24",21,21,100
"Astyanax_fasciatus","Area_2","prey_25",21,21,100
"Astyanax_fasciatus","Area_2","prey_26",21,21,100
"Astyanax_fasciatus","Area_2","prey_27",21,21,100
"Astyanax_fasciatus","Area_2","prey_28",21,21,100
"Astyanax_fasciatus","Area_2","prey_29",21,21,100
"Astyanax_fasciatus","Area_2","prey_3",21,21,100
"Astyanax_fasciatus","Area_2","prey_30",21,21,100
"Astyanax_fasciatus","Area_2","prey_31",21,21,100
"Astyanax_fasciatus","Area_2","prey_32",21,21,100
"Astyanax_fasciatus","Area_2","prey_33",21,21,100
"Astyanax_fasciatus","Area_2","prey_34",21,21,100
"Astyanax_fasciatus","Area_2","prey_35",21,21,100
"Astyanax_fasciatus","Area_2","prey_36",21,21,100
"Astyanax_fasciatus","Area_2","prey_37",21,21,100
"Astyanax_fasciatus","Area_2","prey_38",21,21,100
"Astyanax_fasciatus","Area_2","prey_39",21,21,100
"Astyanax_fasciatus","Area_2","prey_4",21,21,100
"Astyanax_fasciatus","Area_2","prey_40",21,21,100
"Astyanax_fasciatus","Area_2","prey_41",21,21,100
"Astyanax_fasciatus","Area_2","prey_42",21,21,100
"Astyanax_fasciatus","Area_2","prey_43",21,21,100
"Astyanax_fasciatus","Area_2","prey_44",21,21,100
"Astyanax_fasciatus","Area_2","prey_45",21,21,100
"Astyanax_fasciatus","Area_2","prey_46",21,21,100
"Astyanax_fasciatus","Area_2","prey_47",21,21,100
"Astyanax_fasciatus","Area_2","prey_48",21,21,100
"Astyanax_fasciatus","Area_2","prey_49",21,21,100
"Astyanax_fasciatus","Area_2","prey_5",21,21,100
"Astyanax_fasciatus","Area_2","prey_50",21,21,100
"Astyanax_fasciatus","Area_2","prey_51",21,21,100
"Astyanax_fasciatus","Area_2","prey_52",21,21,100
"Astyanax_fasciatus","Area_2","prey_53",21,21,100
"Astyanax_fasciatus","Area_2","prey_54",21,21,100
"Astyanax_fasciatus","Area_2","prey_55",21,21,100
"Astyanax_fasciatus","Area_2","prey_56",21,21,100
"Astyanax_fasciatus","Area_2","prey_57",21,21,100
"Astyanax_fasciatus","Area_2","prey_58",21,21,100
"Astyanax_fasciatus","Area_2","prey_59",21,21,100
"Astyanax_fasciatus","Area_2","prey_6",21,21,100
"Astyanax_fasciatus","Area_2","prey_60",21,21,100
"Astyanax_fasciatus","Area_2","prey_7",21,21,100
"Astyanax_fasciatus","Area_2","prey_8",21,21,100
"Astyanax_fasciatus","Area_2","prey_9",21,21,100
"Astyanax_fasciatus","Area_3","prey_1",27,27,100
"Astyanax_fasciatus","Area_3","prey_10",27,27,100
"Astyanax_fasciatus","Area_3","prey_11",27,27,100
"Astyanax_fasciatus","Area_3","prey_12",27,27,100
"Astyanax_fasciatus","Area_3","prey_13",27,27,100
"Astyanax_fasciatus","Area_3","prey_14",27,27,100
"Astyanax_fasciatus","Area_3","prey_15",27,27,100
"Astyanax_fasciatus","Area_3","prey_16",27,27,100
"Astyanax_fasciatus","Area_3","prey_17",27,27,100
"Astyanax_fasciatus","Area_3","prey_18",27,27,100
"Astyanax_fasciatus","Area_3","prey_19",27,27,100
"Astyanax_fasciatus","Area_3","prey_2",27,27,100
"Astyanax_fasciatus","Area_3","prey_20",27,27,100
"Astyanax_fasciatus","Area_3","prey_21",27,27,100
"Astyanax_fasciatus","Area_3","prey_22",27,27,100
"Astyanax_fasciatus","Area_3","prey_23",27,27,100
"Astyanax_fasciatus","Area_3","prey_24",27,27,100
"Astyanax_fasciatus","Area_3","prey_25",27,27,100
"Astyanax_fasciatus","Area_3","prey_26",27,27,100
"Astyanax_fasciatus","Area_3","prey_27",27,27,100
"Astyanax_fasciatus","Area_3","prey_28",27,27,100
"Astyanax_fasciatus","Area_3","prey_29",27,27,100
"Astyanax_fasciatus","Area_3","prey_3",27,27,100
"Astyanax_fasciatus","Area_3","prey_30",27,27,100
"Astyanax_fasciatus","Area_3","prey_31",27,27,100
"Astyanax_fasciatus","Area_3","prey_32",27,27,100
"Astyanax_fasciatus","Area_3","prey_33",27,27,100
"Astyanax_fasciatus","Area_3","prey_34",27,27,100
"Astyanax_fasciatus","Area_3","prey_35",27,27,100
"Astyanax_fasciatus","Area_3","prey_36",27,27,100
"Astyanax_fasciatus","Area_3","prey_37",27,27,100
"Astyanax_fasciatus","Area_3","prey_38",27,27,100
"Astyanax_fasciatus","Area_3","prey_39",27,27,100
"Astyanax_fasciatus","Area_3","prey_4",27,27,100
"Astyanax_fasciatus","Area_3","prey_40",27,27,100
"Astyanax_fasciatus","Area_3","prey_41",27,27,100
"Astyanax_fasciatus","Area_3","prey_42",27,27,100
"Astyanax_fasciatus","Area_3","prey_43",27,27,100
"Astyanax_fasciatus","Area_3","prey_44",27,27,100
"Astyanax_fasciatus","Area_3","prey_45",27,27,100
"Astyanax_fasciatus","Area_3","prey_46",27,27,100
"Astyanax_fasciatus","Area_3","prey_47",27,27,100
"Astyanax_fasciatus","Area_3","prey_48",27,27,100
"Astyanax_fasciatus","Area_3","prey_49",27,27,100
"Astyanax_fasciatus","Area_3","prey_5",27,27,100
"Astyanax_fasciatus","Area_3","prey_50",27,27,100
"Astyanax_fasciatus","Area_3","prey_51",27,27,100
"Astyanax_fasciatus","Area_3","prey_52",27,27,100
"Astyanax_fasciatus","Area_3","prey_53",27,27,100
"Astyanax_fasciatus","Area_3","prey_54",27,27,100
"Astyanax_fasciatus","Area_3","prey_55",27,27,100
"Astyanax_fasciatus","Area_3","prey_56",27,27,100
"Astyanax_fasciatus","Area_3","prey_57",27,27,100
"Astyanax_fasciatus","Area_3","prey_58",27,27,100
"Astyanax_fasciatus","Area_3","prey_59",27,27,100
"Astyanax_fasciatus","Area_3","prey_6",27,27,100
"Astyanax_fasciatus","Area_3","prey_60",27,27,100
"Astyanax_fasciatus","Area_3","prey_7",27,27,100
"Astyanax_fasciatus","Area_3","prey_8",27,27,100
"Astyanax_fasciatus","Area_3","prey_9",27,27,100
"Astyanax_fasciatus","Area_4","prey_1",24,24,100
"Astyanax_fasciatus","Area_4","prey_10",24,24,100
"Astyanax_fasciatus","Area_4","prey_11",24,24,100
"Astyanax_fasciatus","Area_4","prey_12",24,24,100
"Astyanax_fasciatus","Area_4","prey_13",24,24,100
"Astyanax_fasciatus","Area_4","prey_14",24,24,100
"Astyanax_fasciatus","Area_4","prey_15",24,24,100
"Astyanax_fasciatus","Area_4","prey_16",24,24,100
"Astyanax_fasciatus","Area_4","prey_17",24,24,100
"Astyanax_fasciatus","Area_4","prey_18",24,24,100
"Astyanax_fasciatus","Area_4","prey_19",24,24,100
"Astyanax_fasciatus","Area_4","prey_2",24,24,100
"Astyanax_fasciatus","Area_4","prey_20",24,24,100
"Astyanax_fasciatus","Area_4","prey_21",24,24,100
"Astyanax_fasciatus","Area_4","prey_22",24,24,100
"Astyanax_fasciatus","Area_4","prey_23",24,24,100
"Astyanax_fasciatus","Area_4","prey_24",24,24,100
"Astyanax_fasciatus","Area_4","prey_25",24,24,100
"Astyanax_fasciatus","Area_4","prey_26",24,24,100
"Astyanax_fasciatus","Area_4","prey_27",24,24,100
"Astyanax_fasciatus","Area_4","prey_28",24,24,100
"Astyanax_fasciatus","Area_4","prey_29",24,24,100
"Astyanax_fasciatus","Area_4","prey_3",24,24,100
"Astyanax_fasciatus","Area_4","prey_30",24,24,100
"Astyanax_fasciatus","Area_4","prey_31",24,24,100
"Astyanax_fasciatus","Area_4","prey_32",24,24,100
"Astyanax_fasciatus","Area_4","prey_33",24,24,100
"Astyanax_fasciatus","Area_4","prey_34",24,24,100
"Astyanax_fasciatus","Area_4","prey_35",24,24,100
"Astyanax_fasciatus","Area_4","prey_36",24,24,100
"Astyanax_fasciatus","Area_4","prey_37",24,24,100
"Astyanax_fasciatus","Area_4","prey_38",24,24,100
"Astyanax_fasciatus","Area_4","prey_39",24,24,100
"Astyanax_fasciatus","Area_4","prey_4",24,24,100
"Astyanax_fasciatus","Area_4","prey_40",24,24,100
"Astyanax_fasciatus","Area_4","prey_41",24,24,100
"Astyanax_fasciatus","Area_4","prey_42",24,24,100
"Astyanax_fasciatus","Area_4","prey_43",24,24,100
"Astyanax_fasciatus","Area_4","prey_44",24,24,100
"Astyanax_fasciatus","Area_4","prey_45",24,24,100
"Astyanax_fasciatus","Area_4","prey_46",24,24,100
"Astyanax_fasciatus","Area_4","prey_47",24,24,100
"Astyanax_fasciatus","Area_4","prey_48",24,24,100
"Astyanax_fasciatus","Area_4","prey_49",24,24,100
"Astyanax_fasciatus","Area_4","prey_5",24,24,100
"Astyanax_fasciatus","Area_4","prey_50",24,24,100
"Astyanax_fasciatus","Area_4","prey_51",24,24,100
"Astyanax_fasciatus","Area_4","prey_52",24,24,100
"Astyanax_fasciatus","Area_4","prey_53",24,24,100
"Astyanax_fasciatus","Area_4","prey_54",24,24,100
"Astyanax_fasciatus","Area_4","prey_55",24,24,100
"Astyanax_fasciatus","Area_4","prey_56",24,24,100
"Astyanax_fasciatus","Area_4","prey_57",24,24,100
"Astyanax_fasciatus","Area_4","prey_58",24,24,100
"Astyanax_fasciatus","Area_4","prey_59",24,24,100
"Astyanax_fasciatus","Area_4","prey_6",24,24,100
"Astyanax_fasciatus","Area_4","prey_60",24,24,100
"Astyanax_fasciatus","Area_4","prey_7",24,24,100
"Astyanax_fasciatus","Area_4","prey_8",24,24,100
"Astyanax_fasciatus","Area_4","prey_9",24,24,100
"Cichla_ocellaris","Area_1","prey_1",19,19,100
"Cichla_ocellaris","Area_1","prey_10",19,19,100
"Cichla_ocellaris","Area_1","prey_11",19,19,100
"Cichla_ocellaris","Area_1","prey_12",19,19,100
"Cichla_ocellaris","Area_1","prey_13",19,19,100
"Cichla_ocellaris","Area_1","prey_14",19,19,100
"Cichla_ocellaris","Area_1","prey_15",19,19,100
"Cichla_ocellaris","Area_1","prey_16",19,19,100
"Cichla_ocellaris","Area_1","prey_17",19,19,100
"Cichla_ocellaris","Area_1","prey_18",19,19,100
"Cichla_ocellaris","Area_1","prey_19",19,19,100
"Cichla_ocellaris","Area_1","prey_2",19,19,100
"Cichla_ocellaris","Area_1","prey_20",19,19,100
"Cichla_ocellaris","Area_1","prey_21",19,19,100
"Cichla_ocellaris","Area_1","prey_22",19,19,100
"Cichla_ocellaris","Area_1","prey_23",19,19,100
"Cichla_ocellaris","Area_1","prey_24",19,19,100
"Cichla_ocellaris","Area_1","prey_25",19,19,100
"Cichla_ocellaris","Area_1","prey_26",19,19,100
"Cichla_ocellaris","Area_1","prey_27",19,19,100
"Cichla_ocellaris","Area_1","prey_28",19,19,100
"Cichla_ocellaris","Area_1","prey_29",19,19,100
"Cichla_ocellaris","Area_1","prey_3",19,19,100
"Cichla_ocellaris","Area_1","prey_30",19,19,100
"Cichla_ocellaris","Area_1","prey_31",19,19,100
"Cichla_ocellaris","Area_1","prey_32",19,19,100
"Cichla_ocellaris","Area_1","prey_33",19,19,100
"Cichla_ocellaris","Area_1","prey_34",19,19,100
"Cichla_ocellaris","Area_1","prey_35",19,19,100
"Cichla_ocellaris","Area_1","prey_36",19,19,100
"Cichla_ocellaris","Area_1","prey_37",19,19,100
"Cichla_ocellaris","Area_1","prey_38",19,19,100
"Cichla_ocellaris","Area_1","prey_39",19,19,100
"Cichla_ocellaris","Area_1","prey_4",19,19,100
"Cichla_ocellaris","Area_1","prey_40",19,19,100
"Cichla_ocellaris","Area_1","prey_41",19,19,100
"Cichla_ocellaris","Area_1","prey_42",19,19,100
"Cichla_ocellaris","Area_1","prey_43",19,19,100
"Cichla_ocellaris","Area_1","prey_44",19,19,100
"Cichla_ocellaris","Area_1","prey_45",19,19,100
"Cichla_ocellaris","Area_1","prey_46",19,19,100
"Cichla_ocellaris","Area_1","prey_47",19,19,100
"Cichla_ocellaris","Area_1","prey_48",19,19,100
"Cichla_ocellaris","Area_1","prey_49",19,19,100
"Cichla_ocellaris","Area_1","prey_5",19,19,100
"Cichla_ocellaris","Area_1","prey_50",19,19,100
"Cichla_ocellaris","Area_1","prey_51",19,19,100
"Cichla_ocellaris","Area_1","prey_52",19,19,100
"Cichla_ocellaris","Area_1","prey_53",19,19,100
"Cichla_ocellaris","Area_1","prey_54",19,19,100
"Cichla_ocellaris","Area_1","prey_55",19,19,100
"Cichla_ocellaris","Area_1","prey_56",19,19,100
"Cichla_ocellaris","Area_1","prey_57",19,19,100
"Cichla_ocellaris","Area_1","prey_58",19,19,100
"Cichla_ocellaris","Area_1","prey_59",19,19,100
"Cichla_ocellaris","Area_1","prey_6",19,19,100
"Cichla_ocellaris","Area_1","prey_60",19,19,100
"Cichla_ocellaris","Area_1","prey_7",19,19,100
"Cichla_ocellaris","Area_1","prey_8",19,19,100
"Cichla_ocellaris","Area_1","prey_9",19,19,100
"Cichla_ocellaris","Area_2","prey_1",27,27,100
"Cichla_ocellaris","Area_2","prey_10",27,27,100
"Cichla_ocellaris","Area_2","prey_11",27,27,100
"Cichla_ocellaris","Area_2","prey_12",27,27,100
"Cichla_ocellaris","Area_2","prey_13",27,27,100
"Cichla_ocellaris","Area_2","prey_14",27,27,100
"Cichla_ocellaris","Area_2","prey_15",27,27,100
"Cichla_ocellaris","Area_2","prey_16",27,27,100
"Cichla_ocellaris","Area_2","prey_17",27,27,100
"Cichla_ocellaris","Area_2","prey_18",27,27,100
"Cichla_ocellaris","Area_2","prey_19",27,27,100
"Cichla_ocellaris","Area_2","prey_2",27,27,100
"Cichla_ocellaris","Area_2","prey_20",27,27,100
"Cichla_ocellaris","Area_2","prey_21",27,27,100
"Cichla_ocellaris","Area_2","prey_22",27,27,100
"Cichla_ocellaris","Area_2","prey_23",27,27,100
"Cichla_ocellaris","Area_2","prey_24",27,27,100
"Cichla_ocellaris","Area_2","prey_25",27,27,100
"Cichla_ocellaris","Area_2","prey_26",27,27,100
"Cichla_ocellaris","Area_2","prey_27",27,27,100
"Cichla_ocellaris","Area_2","prey_28",27,27,100
"Cichla_ocellaris","Area_2","prey_29",27,27,100
"Cichla_ocellaris","Area_2","prey_3",27,27,100
"Cichla_ocellaris","Area_2","prey_30",27,27,100
"Cichla_ocellaris","Area_2","prey_31",27,27,100
"Cichla_ocellaris","Area_2","prey_32",27,27,100
"Cichla_ocellaris","Area_2","prey_33",27,27,100
"Cichla_ocellaris","Area_2","prey_34",27,27,100
"Cichla_ocellaris","Area_2","prey_35",27,27,100
"Cichla_ocellaris","Area_2","prey_36",27,27,100
"Cichla_ocellaris","Area_2","prey_37",27,27,100
"Cichla_ocellaris","Area_2","prey_38",27,27,100
"Cichla_ocellaris","Area_2","prey_39",27,27,100
"Cichla_ocellaris","Area_2","prey_4",27,27,100
"Cichla_ocellaris","Area_2","prey_40",27,27,100
"Cichla_ocellaris","Area_2","prey_41",27,27,100
"Cichla_ocellaris","Area_2","prey_42",27,27,100
"Cichla_ocellaris","Area_2","prey_43",27,27,100
"Cichla_ocellaris","Area_2","prey_44",27,27,100
"Cichla_ocellaris","Area_2","prey_45",27,27,100
"Cichla_ocellaris","Area_2","prey_46",27,27,100
"Cichla_ocellaris","Area_2","prey_47",27,27,100
"Cichla_ocellaris","Area_2","prey_48",27,27,100
"Cichla_ocellaris","Area_2","prey_49",27,27,100
"Cichla_ocellaris","Area_2","prey_5",27,27,100
"Cichla_ocellaris","Area_2","prey_50",27,27,100
"Cichla_ocellaris","Area_2","prey_51",27,27,100
"Cichla_ocellaris","Area_2","prey_52",27,27,100
"Cichla_ocellaris","Area_2","prey_53",27,27,100
"Cichla_ocellaris","Area_2","prey_54",27,27,100
"Cichla_ocellaris","Area_2","prey_55",27,27,100
"Cichla_ocellaris","Area_2","prey_56",27,27,100
"Cichla_ocellaris","Area_2","prey_57",27,27,100
"Cichla_ocellaris","Area_2","prey_58",27,27,100
"Cichla_ocellaris","Area_2","prey_59",27,27,100
"Cichla_ocellaris","Area_2","prey_6",27,27,100
"Cichla_ocellaris","Area_2","prey_60",27,27,100
"Cichla_ocellaris","Area_2","prey_7",27,27,100
"Cichla_ocellaris","Area_2","prey_8",27,27,100
"Cichla_ocellaris","Area_2","prey_9",27,27,100
"Cichla_ocellaris","Area_3","prey_1",27,27,100
"Cichla_ocellaris","Area_3","prey_10",27,27,100
"Cichla_ocellaris","Area_3","prey_11",27,27,100
"Cichla_ocellaris","Area_3","prey_12",27,27,100
"Cichla_ocellaris","Area_3","prey_13",27,27,100
"Cichla_ocellaris","Area_3","prey_14",27,27,100
"Cichla_ocellaris","Area_3","prey_15",27,27,100
"Cichla_ocellaris","Area_3","prey_16",27,27,100
"Cichla_ocellaris","Area_3","prey_17",27,27,100
"Cichla_ocellaris","Area_3","prey_18",27,27,100
"Cichla_ocellaris","Area_3","prey_19",27,27,100
"Cichla_ocellaris","Area_3","prey_2",27,27,100
"Cichla_ocellaris","Area_3","prey_20",27,27,100
"Cichla_ocellaris","Area_3","prey_21",27,27,100
"Cichla_ocellaris","Area_3","prey_22",27,27,100
"Cichla_ocellaris","Area_3","prey_23",27,27,100
"Cichla_ocellaris","Area_3","prey_24",27,27,100
"Cichla_ocellaris","Area_3","prey_25",27,27,100
"Cichla_ocellaris","Area_3","prey_26",27,27,100
"Cichla_ocellaris","Area_3","prey_27",27,27,100
"Cichla_ocellaris","Area_3","prey_28",27,27,100
"Cichla_ocellaris","Area_3","prey_29",27,27,100
"Cichla_ocellaris","Area_3","prey_3",27,27,100
"Cichla_ocellaris","Area_3","prey_30",27,27,100
"Cichla_ocellaris","Area_3","prey_31",27,27,100
"Cichla_ocellaris","Area_3","prey_32",27,27,100
"Cichla_ocellaris","Area_3","prey_33",27,27,100
"Cichla_ocellaris","Area_3","prey_34",27,27,100
"Cichla_ocellaris","Area_3","prey_35",27,27,100
"Cichla_ocellaris","Area_3","prey_36",27,27,100
"Cichla_ocellaris","Area_3","prey_37",27,27,100
"Cichla_ocellaris","Area_3","prey_38",27,27,100
"Cichla_ocellaris","Area_3","prey_39",27,27,100
"Cichla_ocellaris","Area_3","prey_4",27,27,100
"Cichla_ocellaris","Area_3","prey_40",27,27,100
"Cichla_ocellaris","Area_3","prey_41",27,27,100
"Cichla_ocellaris","Area_3","prey_42",27,27,100
"Cichla_ocellaris","Area_3","prey_43",27,27,100
"Cichla_ocellaris","Area_3","prey_44",27,27,100
"Cichla_ocellaris","Area_3","prey_45",27,27,100
"Cichla_ocellaris","Area_3","prey_46",27,27,100
"Cichla_ocellaris","Area_3","prey_47",27,27,100
"Cichla_ocellaris","Area_3","prey_48",27,27,100
"Cichla_ocellaris","Area_3","prey_49",27,27,100
"Cichla_ocellaris","Area_3","prey_5",27,27,100
"Cichla_ocellaris","Area_3","prey_50",27,27,100
"Cichla_ocellaris","Area_3","prey_51",27,27,100
"Cichla_ocellaris","Area_3","prey_52",27,27,100
"Cichla_ocellaris","Area_3","prey_53",27,27,100
"Cichla_ocellaris","Area_3","prey_54",27,27,100
"Cichla_ocellaris","Area_3","prey_55",27,27,100
"Cichla_ocellaris","Area_3","prey_56",27,27,100
"Cichla_ocellaris","Area_3","prey_57",27,27,100
"Cichla_ocellaris","Area_3","prey_58",27,27,100
"Cichla_ocellaris","Area_3","prey_59",27,27,100
"Cichla_ocellaris","Area_3","prey_6",27,27,100
"Cichla_ocellaris","Area_3","prey_60",27,27,100
"Cichla_ocellaris","Area_3","prey_7",27,27,100
"Cichla_ocellaris","Area_3","prey_8",27,27,100
"Cichla_ocellaris","Area_3","prey_9",27,27,100
"Cichla_ocellaris","Area_4","prey_1",26,26,100
"Cichla_ocellaris","Area_4","prey_10",26,26,100
"Cichla_ocellaris","Area_4","prey_11",26,26,100
"Cichla_ocellaris","Area_4","prey_12",26,26,100
"Cichla_ocellaris","Area_4","prey_13",26,26,100
"Cichla_ocellaris","Area_4","prey_14",26,26,100
"Cichla_ocellaris","Area_4","prey_15",26,26,100
"Cichla_ocellaris","Area_4","prey_16",26,26,100
"Cichla_ocellaris","Area_4","prey_17",26,26,100
"Cichla_ocellaris","Area_4","prey_18",26,26,100
"Cichla_ocellaris","Area_4","prey_19",26,26,100
"Cichla_ocellaris","Area_4","prey_2",26,26,100
"Cichla_ocellaris","Area_4","prey_20",26,26,100
"Cichla_ocellaris","Area_4","prey_21",26,26,100
"Cichla_ocellaris","Area_4","prey_22",26,26,100
"Cichla_ocellaris","Area_4","prey_23",26,26,100
"Cichla_ocellaris","Area_4","prey_24",26,26,100
"Cichla_ocellaris","Area_4","prey_25",26,26,100
"Cichla_ocellaris","Area_4","prey_26",26,26,100
"Cichla_ocellaris","Area_4","prey_27",26,26,100
"Cichla_ocellaris","Area_4","prey_28",26,26,100
"Cichla_ocellaris","Area_4","prey_29",26,26,100
"Cichla_ocellaris","Area_4","prey_3",26,26,100
"Cichla_ocellaris","Area_4","prey_30",26,26,100
"Cichla_ocellaris","Area_4","prey_31",26,26,100
"Cichla_ocellaris","Area_4","prey_32",26,26,100
"Cichla_ocellaris","Area_4","prey_33",26,26,100
"Cichla_ocellaris","Area_4","prey_34",26,26,100
"Cichla_ocellaris","Area_4","prey_35",26,26,100
"Cichla_ocellaris","Area_4","prey_36",26,26,100
"Cichla_ocellaris","Area_4","prey_37",26,26,100
"Cichla_ocellaris","Area_4","prey_38",26,26,100
"Cichla_ocellaris","Area_4","prey_39",26,26,100
"Cichla_ocellaris","Area_4","prey_4",26,26,100
"Cichla_ocellaris","Area_4","prey_40",26,26,100
"Cichla_ocellaris","Area_4","prey_41",26,26,100
"Cichla_ocellaris","Area_4","prey_42",26,26,100
"Cichla_ocellaris","Area_4","prey_43",26,26,100
"Cichla_ocellaris","Area_4","prey_44",26,26,100
"Cichla_ocellaris","Area_4","prey_45",26,26,100
"Cichla_ocellaris","Area_4","prey_46",26,26,100
"Cichla_ocellaris","Area_4","prey_47",26,26,100
"Cichla_ocellaris","Area_4","prey_48",26,26,100
"Cichla_ocellaris","Area_4","prey_49",26,26,100
"Cichla_ocellaris","Area_4","prey_5",26,26,100
"Cichla_ocellaris","Area_4","prey_50",26,26,100
"Cichla_ocellaris","Area_4","prey_51",26,26,100
"Cichla_ocellaris","Area_4","prey_52",26,26,100
"Cichla_ocellaris","Area_4","prey_53",26,26,100
"Cichla_ocellaris","Area_4","prey_54",26,26,100
"Cichla_ocellaris","Area_4","prey_55",26,26,100
"Cichla_ocellaris","Area_4","prey_56",26,26,100
"Cichla_ocellaris","Area_4","prey_57",26,26,100
"Cichla_ocellaris","Area_4","prey_58",26,26,100
"Cichla_ocellaris","Area_4","prey_59",26,26,100
"Cichla_ocellaris","Area_4","prey_6",26,26,100
"Cichla_ocellaris","Area_4","prey_60",26,26,100
"Cichla_ocellaris","Area_4","prey_7",26,26,100
"Cichla_ocellaris","Area_4","prey_8",26,26,100
"Cichla_ocellaris","Area_4","prey_9",26,26,100
"Geophagus_brasiliensis","Area_1","prey_1",23,23,100
"Geophagus_brasiliensis","Area_1","prey_10",23,23,100
"Geophagus_brasiliensis","Area_1","prey_11",23,23,100
"Geophagus_brasiliensis","Area_1","prey_12",23,23,100
"Geophagus_brasiliensis","Area_1","prey_13",23,23,100
"Geophagus_brasiliensis","Area_1","prey_14",23,23,100
"Geophagus_brasiliensis","Area_1","prey_15",23,23,100
"Geophagus_brasiliensis","Area_1","prey_16",23,23,100
"Geophagus_brasiliensis","Area_1","prey_17",23,23,100
"Geophagus_brasiliensis","Area_1","prey_18",23,23,100
"Geophagus_brasiliensis","Area_1","prey_19",23,23,100
"Geophagus_brasiliensis","Area_1","prey_2",23,23,100
"Geophagus_brasiliensis","Area_1","prey_20",23,23,100
"Geophagus_brasiliensis","Area_1","prey_21",23,23,100
"Geophagus_brasiliensis","Area_1","prey_22",23,23,100
"Geophagus_brasiliensis","Area_1","prey_23",23,23,100
"Geophagus_brasiliensis","Area_1","prey_24",23,23,100
"Geophagus_brasiliensis","Area_1","prey_25",23,23,100
"Geophagus_brasiliensis","Area_1","prey_26",23,23,100
"Geophagus_brasiliensis","Area_1","prey_27",23,23,100
"Geophagus_brasiliensis","Area_1","prey_28",23,23,100
"Geophagus_brasiliensis","Area_1","prey_29",23,23,100
"Geophagus_brasiliensis","Area_1","prey_3",23,23,100
"Geophagus_brasiliensis","Area_1","prey_30",23,23,100
"Geophagus_brasiliensis","Area_1","prey_31",23,23,100
"Geophagus_brasiliensis","Area_1","prey_32",23,23,100
"Geophagus_brasiliensis","Area_1","prey_33",23,23,100
"Geophagus_brasiliensis","Area_1","prey_34",23,23,100
"Geophagus_brasiliensis","Area_1","prey_35",23,23,100
"Geophagus_brasiliensis","Area_1","prey_36",23,23,100
"Geophagus_brasiliensis","Area_1","prey_37",23,23,100
"Geophagus_brasiliensis","Area_1","prey_38",23,23,100
"Geophagus_brasiliensis","Area_1","prey_39",23,23,100
"Geophagus_brasiliensis","Area_1","prey_4",23,23,100
"Geophagus_brasiliensis","Area_1","prey_40",23,23,100
"Geophagus_brasiliensis","Area_1","prey_41",23,23,100
"Geophagus_brasiliensis","Area_1","prey_42",23,23,100
"Geophagus_brasiliensis","Area_1","prey_43",23,23,100
"Geophagus_brasiliensis","Area_1","prey_44",23,23,100
"Geophagus_brasiliensis","Area_1","prey_45",23,23,100
"Geophagus_brasiliensis","Area_1","prey_46",23,23,100
"Geophagus_brasiliensis","Area_1","prey_47",23,23,100
"Geophagus_brasiliensis","Area_1","prey_48",23,23,100
"Geophagus_brasiliensis","Area_1","prey_49",23,23,100
"Geophagus_brasiliensis","Area_1","prey_5",23,23,100
"Geophagus_brasiliensis","Area_1","prey_50",23,23,100
"Geophagus_brasiliensis","Area_1","prey_51",23,23,100
"Geophagus_brasiliensis","Area_1","prey_52",23,23,100
"Geophagus_brasiliensis","Area_1","prey_53",23,23,100
"Geophagus_brasiliensis","Area_1","prey_54",23,23,100
"Geophagus_brasiliensis","Area_1","prey_55",23,23,100
"Geophagus_brasiliensis","Area_1","prey_56",23,23,100
"Geophagus_brasiliensis","Area_1","prey_57",23,23,100
"Geophagus_brasiliensis","Area_1","prey_58",23,23,100
"Geophagus_brasiliensis","Area_1","prey_59",23,23,100
"Geophagus_brasiliensis","Area_1","prey_6",23,23,100
"Geophagus_brasiliensis","Area_1","prey_60",23,23,100
"Geophagus_brasiliensis","Area_1","prey_7",23,23,100
"Geophagus_brasiliensis","Area_1","prey_8",23,23,100
"Geophagus_brasiliensis","Area_1","prey_9",23,23,100
"Geophagus_brasiliensis","Area_2","prey_1",23,23,100
"Geophagus_brasiliensis","Area_2","prey_10",23,23,100
"Geophagus_brasiliensis","Area_2","prey_11",23,23,100
"Geophagus_brasiliensis","Area_2","prey_12",23,23,100
"Geophagus_brasiliensis","Area_2","prey_13",23,23,100
"Geophagus_brasiliensis","Area_2","prey_14",23,23,100
"Geophagus_brasiliensis","Area_2","prey_15",23,23,100
"Geophagus_brasiliensis","Area_2","prey_16",23,23,100
"Geophagus_brasiliensis","Area_2","prey_17",23,23,100
"Geophagus_brasiliensis","Area_2","prey_18",23,23,100
"Geophagus_brasiliensis","Area_2","prey_19",23,23,100
"Geophagus_brasiliensis","Area_2","prey_2",23,23,100
"Geophagus_brasiliensis","Area_2","prey_20",23,23,100
"Geophagus_brasiliensis","Area_2","prey_21",23,23,100
"Geophagus_brasiliensis","Area_2","prey_22",23,23,100
"Geophagus_brasiliensis","Area_2","prey_23",23,23,100
"Geophagus_brasiliensis","Area_2","prey_24",23,23,100
"Geophagus_brasiliensis","Area_2","prey_25",23,23,100
"Geophagus_brasiliensis","Area_2","prey_26",23,23,100
"Geophagus_brasiliensis","Area_2","prey_27",23,23,100
"Geophagus_brasiliensis","Area_2","prey_28",23,23,100
"Geophagus_brasiliensis","Area_2","prey_29",23,23,100
"Geophagus_brasiliensis","Area_2","prey_3",23,23,100
"Geophagus_brasiliensis","Area_2","prey_30",23,23,100
"Geophagus_brasiliensis","Area_2","prey_31",23,23,100
"Geophagus_brasiliensis","Area_2","prey_32",23,23,100
"Geophagus_brasiliensis","Area_2","prey_33",23,23,100
"Geophagus_brasiliensis","Area_2","prey_34",23,23,100
"Geophagus_brasiliensis","Area_2","prey_35",23,23,100
"Geophagus_brasiliensis","Area_2","prey_36",23,23,100
"Geophagus_brasiliensis","Area_2","prey_37",23,23,100
"Geophagus_brasiliensis","Area_2","prey_38",23,23,100
"Geophagus_brasiliensis","Area_2","prey_39",23,23,100
"Geophagus_brasiliensis","Area_2","prey_4",23,23,100
"Geophagus_brasiliensis","Area_2","prey_40",23,23,100
"Geophagus_brasiliensis","Area_2","prey_41",23,23,100
"Geophagus_brasiliensis","Area_2","prey_42",23,23,100
"Geophagus_brasiliensis","Area_2","prey_43",23,23,100
"Geophagus_brasiliensis","Area_2","prey_44",23,23,100
"Geophagus_brasiliensis","Area_2","prey_45",23,23,100
"Geophagus_brasiliensis","Area_2","prey_46",23,23,100
"Geophagus_brasiliensis","Area_2","prey_47",23,23,100
"Geophagus_brasiliensis","Area_2","prey_48",23,23,100
"Geophagus_brasiliensis","Area_2","prey_49",23,23,100
"Geophagus_brasiliensis","Area_2","prey_5",23,23,100
"Geophagus_brasiliensis","Area_2","prey_50",23,23,100
"Geophagus_brasiliensis","Area_2","prey_51",23,23,100
"Geophagus_brasiliensis","Area_2","prey_52",23,23,100
"Geophagus_brasiliensis","Area_2","prey_53",23,23,100
"Geophagus_brasiliensis","Area_2","prey_54",23,23,100
"Geophagus_brasiliensis","Area_2","prey_55",23,23,100
"Geophagus_brasiliensis","Area_2","prey_56",23,23,100
"Geophagus_brasiliensis","Area_2","prey_57",23,23,100
"Geophagus_brasiliensis","Area_2","prey_58",23,23,100
"Geophagus_brasiliensis","Area_2","prey_59",23,23,100
"Geophagus_brasiliensis","Area_2","prey_6",23,23,100
"Geophagus_brasiliensis","Area_2","prey_60",23,23,100
"Geophagus_brasiliensis","Area_2","prey_7",23,23,100
"Geophagus_brasiliensis","Area_2","prey_8",23,23,100
"Geophagus_brasiliensis","Area_2","prey_9",23,23,100
"Geophagus_brasiliensis","Area_3","prey_1",33,33,100
"Geophagus_brasiliensis","Area_3","prey_10",33,33,100
"Geophagus_brasiliensis","Area_3","prey_11",33,33,100
"Geophagus_brasiliensis","Area_3","prey_12",33,33,100
"Geophagus_brasiliensis","Area_3","prey_13",33,33,100
"Geophagus_brasiliensis","Area_3","prey_14",33,33,100
"Geophagus_brasiliensis","Area_3","prey_15",33,33,100
"Geophagus_brasiliensis","Area_3","prey_16",33,33,100
"Geophagus_brasiliensis","Area_3","prey_17",33,33,100
"Geophagus_brasiliensis","Area_3","prey_18",33,33,100
"Geophagus_brasiliensis","Area_3","prey_19",33,33,100
"Geophagus_brasiliensis","Area_3","prey_2",33,33,100
"Geophagus_brasiliensis","Area_3","prey_20",33,33,100
"Geophagus_brasiliensis","Area_3","prey_21",33,33,100
"Geophagus_brasiliensis","Area_3","prey_22",33,33,100
"Geophagus_brasiliensis","Area_3","prey_23",33,33,100
"Geophagus_brasiliensis","Area_3","prey_24",33,33,100
"Geophagus_brasiliensis","Area_3","prey_25",33,33,100
"Geophagus_brasiliensis","Area_3","prey_26",33,33,100
"Geophagus_brasiliensis","Area_3","prey_27",33,33,100
"Geophagus_brasiliensis","Area_3","prey_28",33,33,100
"Geophagus_brasiliensis","Area_3","prey_29",33,33,100
"Geophagus_brasiliensis","Area_3","prey_3",33,33,100
"Geophagus_brasiliensis","Area_3","prey_30",33,33,100
"Geophagus_brasiliensis","Area_3","prey_31",33,33,100
"Geophagus_brasiliensis","Area_3","prey_32",33,33,100
"Geophagus_brasiliensis","Area_3","prey_33",33,33,100
"Geophagus_brasiliensis","Area_3","prey_34",33,33,100
"Geophagus_brasiliensis","Area_3","prey_35",33,33,100
"Geophagus_brasiliensis","Area_3","prey_36",33,33,100
"Geophagus_brasiliensis","Area_3","prey_37",33,33,100
"Geophagus_brasiliensis","Area_3","prey_38",33,33,100
"Geophagus_brasiliensis","Area_3","prey_39",33,33,100
"Geophagus_brasiliensis","Area_3","prey_4",33,33,100
"Geophagus_brasiliensis","Area_3","prey_40",33,33,100
"Geophagus_brasiliensis","Area_3","prey_41",33,33,100
"Geophagus_brasiliensis","Area_3","prey_42",33,33,100
"Geophagus_brasiliensis","Area_3","prey_43",33,33,100
"Geophagus_brasiliensis","Area_3","prey_44",33,33,100
"Geophagus_brasiliensis","Area_3","prey_45",33,33,100
"Geophagus_brasiliensis","Area_3","prey_46",33,33,100
"Geophagus_brasiliensis","Area_3","prey_47",33,33,100
"Geophagus_brasiliensis","Area_3","prey_48",33,33,100
"Geophagus_brasiliensis","Area_3","prey_49",33,33,100
"Geophagus_brasiliensis","Area_3","prey_5",33,33,100
"Geophagus_brasiliensis","Area_3","prey_50",33,33,100
"Geophagus_brasiliensis","Area_3","prey_51",33,33,100
"Geophagus_brasiliensis","Area_3","prey_52",33,33,100
"Geophagus_brasiliensis","Area_3","prey_53",33,33,100
"Geophagus_brasiliensis","Area_3","prey_54",33,33,100
"Geophagus_brasiliensis","Area_3","prey_55",33,33,100
"Geophagus_brasiliensis","Area_3","prey_56",33,33,100
"Geophagus_brasiliensis","Area_3","prey_57",33,33,100
"Geophagus_brasiliensis","Area_3","prey_58",33,33,100
"Geophagus_brasiliensis","Area_3","prey_59",33,33,100
"Geophagus_brasiliensis","Area_3","prey_6",33,33,100
"Geophagus_brasiliensis","Area_3","prey_60",33,33,100
"Geophagus_brasiliensis","Area_3","prey_7",33,33,100
"Geophagus_brasiliensis","Area_3","prey_8",33,33,100
"Geophagus_brasiliensis","Area_3","prey_9",33,33,100
"Geophagus_brasiliensis","Area_4","prey_1",24,24,100
"Geophagus_brasiliensis","Area_4","prey_10",24,24,100
"Geophagus_brasiliensis","Area_4","prey_11",24,24,100
"Geophagus_brasiliensis","Area_4","prey_12",24,24,100
"Geophagus_brasiliensis","Area_4","prey_13",24,24,100
"Geophagus_brasiliensis","Area_4","prey_14",24,24,100
"Geophagus_brasiliensis","Area_4","prey_15",24,24,100
"Geophagus_brasiliensis","Area_4","prey_16",24,24,100
"Geophagus_brasiliensis","Area_4","prey_17",24,24,100
"Geophagus_brasiliensis","Area_4","prey_18",24,24,100
"Geophagus_brasiliensis","Area_4","prey_19",24,24,100
"Geophagus_brasiliensis","Area_4","prey_2",24,24,100
"Geophagus_brasiliensis","Area_4","prey_20",24,24,100
"Geophagus_brasiliensis","Area_4","prey_21",24,24,100
"Geophagus_brasiliensis","Area_4","prey_22",24,24,100
"Geophagus_brasiliensis","Area_4","prey_23",24,24,100
"Geophagus_brasiliensis","Area_4","prey_24",24,24,100
"Geophagus_brasiliensis","Area_4","prey_25",24,24,100
"Geophagus_brasiliensis","Area_4","prey_26",24,24,100
"Geophagus_brasiliensis","Area_4","prey_27",24,24,100
"Geophagus_brasiliensis","Area_4","prey_28",24,24,100
"Geophagus_brasiliensis","Area_4","prey_29",24,24,100
"Geophagus_brasiliensis","Area_4","prey_3",24,24,100
"Geophagus_brasiliensis","Area_4","prey_30",24,24,100
"Geophagus_brasiliensis","Area_4","prey_31",24,24,100
"Geophagus_brasiliensis","Area_4","prey_32",24,24,100
"Geophagus_brasiliensis","Area_4","prey_33",24,24,100
"Geophagus_brasiliensis","Area_4","prey_34",24,24,100
"Geophagus_brasiliensis","Area_4","prey_35",24,24,100
"Geophagus_brasiliensis","Area_4","prey_36",24,24,100
"Geophagus_brasiliensis","Area_4","prey_37",24,24,100
"Geophagus_brasiliensis","Area_4","prey_38",24,24,100
"Geophagus_brasiliensis","Area_4","prey_39",24,24,100
"Geophagus_brasiliensis","Area_4","prey_4",24,24,100
"Geophagus_brasiliensis","Area_4","prey_40",24,24,100
"Geophagus_brasiliensis","Area_4","prey_41",24,24,100
"Geophagus_brasiliensis","Area_4","prey_42",24,24,100
"Geophagus_brasiliensis","Area_4","prey_43",24,24,100
"Geophagus_brasiliensis","Area_4","prey_44",24,24,100
"Geophagus_brasiliensis","Area_4","prey_45",24,24,100
"Geophagus_brasiliensis","Area_4","prey_46",24,24,100
"Geophagus_brasiliensis","Area_4","prey_47",24,24,100
"Geophagus_brasiliensis","Area_4","prey_48",24,24,100
"Geophagus_brasiliensis","Area_4","prey_49",24,24,100
"Geophagus_brasiliensis","Area_4","prey_5",24,24,100
"Geophagus_brasiliensis","Area_4","prey_50",24,24,100
"Geophagus_brasiliensis","Area_4","prey_51",24,24,100
"Geophagus_brasiliensis","Area_4","prey_52",24,24,100
"Geophagus_brasiliensis","Area_4","prey_53",24,24,100
"Geophagus_brasiliensis","Area_4","prey_54",24,24,100
"Geophagus_brasiliensis","Area_4","prey_55",24,24,100
"Geophagus_brasiliensis","Area_4","prey_56",24,24,100
"Geophagus_brasiliensis","Area_4","prey_57",24,24,100
"Geophagus_brasiliensis","Area_4","prey_58",24,24,100
"Geophagus_brasiliensis","Area_4","prey_59",24,24,100
"Geophagus_brasiliensis","Area_4","prey_6",24,24,100
"Geophagus_brasiliensis","Area_4","prey_60",24,24,100
"Geophagus_brasiliensis","Area_4","prey_7",24,24,100
"Geophagus_brasiliensis","Area_4","prey_8",24,24,100
"Geophagus_brasiliensis","Area_4","prey_9",24,24,100
"Hoplias_malabaricus","Area_1","prey_1",33,33,100
"Hoplias_malabaricus","Area_1","prey_10",33,33,100
"Hoplias_malabaricus","Area_1","prey_11",33,33,100
"Hoplias_malabaricus","Area_1","prey_12",33,33,100
"Hoplias_malabaricus","Area_1","prey_13",33,33,100
"Hoplias_malabaricus","Area_1","prey_14",33,33,100
"Hoplias_malabaricus","Area_1","prey_15",33,33,100
"Hoplias_malabaricus","Area_1","prey_16",33,33,100
"Hoplias_malabaricus","Area_1","prey_17",33,33,100
"Hoplias_malabaricus","Area_1","prey_18",33,33,100
"Hoplias_malabaricus","Area_1","prey_19",33,33,100
"Hoplias_malabaricus","Area_1","prey_2",33,33,100
"Hoplias_malabaricus","Area_1","prey_20",33,33,100
"Hoplias_malabaricus","Area_1","prey_21",33,33,100
"Hoplias_malabaricus","Area_1","prey_22",33,33,100
"Hoplias_malabaricus","Area_1","prey_23",33,33,100
"Hoplias_malabaricus","Area_1","prey_24",33,33,100
"Hoplias_malabaricus","Area_1","prey_25",33,33,100
"Hoplias_malabaricus","Area_1","prey_26",33,33,100
"Hoplias_malabaricus","Area_1","prey_27",33,33,100
"Hoplias_malabaricus","Area_1","prey_28",33,33,100
"Hoplias_malabaricus","Area_1","prey_29",33,33,100
"Hoplias_malabaricus","Area_1","prey_3",33,33,100
"Hoplias_malabaricus","Area_1","prey_30",33,33,100
"Hoplias_malabaricus","Area_1","prey_31",33,33,100
"Hoplias_malabaricus","Area_1","prey_32",33,33,100
"Hoplias_malabaricus","Area_1","prey_33",33,33,100
"Hoplias_malabaricus","Area_1","prey_34",33,33,100
"Hoplias_malabaricus","Area_1","prey_35",33,33,100
"Hoplias_malabaricus","Area_1","prey_36",33,33,100
"Hoplias_malabaricus","Area_1","prey_37",33,33,100
"Hoplias_malabaricus","Area_1","prey_38",33,33,100
"Hoplias_malabaricus","Area_1","prey_39",33,33,100
"Hoplias_malabaricus","Area_1","prey_4",33,33,100
"Hoplias_malabaricus","Area_1","prey_40",33,33,100
"Hoplias_malabaricus","Area_1","prey_41",33,33,100
"Hoplias_malabaricus","Area_1","prey_42",33,33,100
"Hoplias_malabaricus","Area_1","prey_43",33,33,100
"Hoplias_malabaricus","Area_1","prey_44",33,33,100
"Hoplias_malabaricus","Area_1","prey_45",33,33,100
"Hoplias_malabaricus","Area_1","prey_46",33,33,100
"Hoplias_malabaricus","Area_1","prey_47",33,33,100
"Hoplias_malabaricus","Area_1","prey_48",33,33,100
"Hoplias_malabaricus","Area_1","prey_49",33,33,100
"Hoplias_malabaricus","Area_1","prey_5",33,33,100
"Hoplias_malabaricus","Area_1","prey_50",33,33,100
"Hoplias_malabaricus","Area_1","prey_51",33,33,100
"Hoplias_malabaricus","Area_1","prey_52",33,33,100
"Hoplias_malabaricus","Area_1","prey_53",33,33,100
"Hoplias_malabaricus","Area_1","prey_54",33,33,100
"Hoplias_malabaricus","Area_1","prey_55",33,33,100
"Hoplias_malabaricus","Area_1","prey_56",33,33,100
"Hoplias_malabaricus","Area_1","prey_57",33,33,100
"Hoplias_malabaricus","Area_1","prey_58",33,33,100
"Hoplias_malabaricus","Area_1","prey_59",33,33,100
"Hoplias_malabaricus","Area_1","prey_6",33,33,100
"Hoplias_malabaricus","Area_1","prey_60",33,33,100
"Hoplias_malabaricus","Area_1","prey_7",33,33,100
"Hoplias_malabaricus","Area_1","prey_8",33,33,100
"Hoplias_malabaricus","Area_1","prey_9",33,33,100
"Hoplias_malabaricus","Area_2","prey_1",28,28,100
"Hoplias_malabaricus","Area_2","prey_10",28,28,100
"Hoplias_malabaricus","Area_2","prey_11",28,28,100
"Hoplias_malabaricus","Area_2","prey_12",28,28,100
"Hoplias_malabaricus","Area_2","prey_13",28,28,100
"Hoplias_malabaricus","Area_2","prey_14",28,28,100
"Hoplias_malabaricus","Area_2","prey_15",28,28,100
"Hoplias_malabaricus","Area_2","prey_16",28,28,100
"Hoplias_malabaricus","Area_2","prey_17",28,28,100
"Hoplias_malabaricus","Area_2","prey_18",28,28,100
"Hoplias_malabaricus","Area_2","prey_19",28,28,100
"Hoplias_malabaricus","Area_2","prey_2",28,28,100
"Hoplias_malabaricus","Area_2","prey_20",28,28,100
"Hoplias_malabaricus","Area_2","prey_21",28,28,100
"Hoplias_malabaricus","Area_2","prey_22",28,28,100
"Hoplias_malabaricus","Area_2","prey_23",28,28,100
"Hoplias_malabaricus","Area_2","prey_24",28,28,100
"Hoplias_malabaricus","Area_2","prey_25",28,28,100
"Hoplias_malabaricus","Area_2","prey_26",28,28,100
"Hoplias_malabaricus","Area_2","prey_27",28,28,100
"Hoplias_malabaricus","Area_2","prey_28",28,28,100
"Hoplias_malabaricus","Area_2","prey_29",28,28,100
"Hoplias_malabaricus","Area_2","prey_3",28,28,100
"Hoplias_malabaricus","Area_2","prey_30",28,28,100
"Hoplias_malabaricus","Area_2","prey_31",28,28,100
"Hoplias_malabaricus","Area_2","prey_32",28,28,100
"Hoplias_malabaricus","Area_2","prey_33",28,28,100
"Hoplias_malabaricus","Area_2","prey_34",28,28,100
"Hoplias_malabaricus","Area_2","prey_35",28,28,100
"Hoplias_malabaricus","Area_2","prey_36",28,28,100
"Hoplias_malabaricus","Area_2","prey_37",28,28,100
"Hoplias_malabaricus","Area_2","prey_38",28,28,100
"Hoplias_malabaricus","Area_2","prey_39",28,28,100
"Hoplias_malabaricus","Area_2","prey_4",28,28,100
"Hoplias_malabaricus","Area_2","prey_40",28,28,100
"Hoplias_malabaricus","Area_2","prey_41",28,28,100
"Hoplias_malabaricus","Area_2","prey_42",28,28,100
"Hoplias_malabaricus","Area_2","prey_43",28,28,100
"Hoplias_malabaricus","Area_2","prey_44",28,28,100
"Hoplias_malabaricus","Area_2","prey_45",28,28,100
"Hoplias_malabaricus","Area_2","prey_46",28,28,100
"Hoplias_malabaricus","Area_2","prey_47",28,28,100
"Hoplias_malabaricus","Area_2","prey_48",28,28,100
"Hoplias_malabaricus","Area_2","prey_49",28,28,100
"Hoplias_malabaricus","Area_2","prey_5",28,28,100
"Hoplias_malabaricus","Area_2","prey_50",28,28,100
"Hoplias_malabaricus","Area_2","prey_51",28,28,100
"Hoplias_malabaricus","Area_2","prey_52",28,28,100
"Hoplias_malabaricus","Area_2","prey_53",28,28,100
"Hoplias_malabaricus","Area_2","prey_54",28,28,100
"Hoplias_malabaricus","Area_2","prey_55",28,28,100
"Hoplias_malabaricus","Area_2","prey_56",28,28,100
"Hoplias_malabaricus","Area_2","prey_57",28,28,100
"Hoplias_malabaricus","Area_2","prey_58",28,28,100
"Hoplias_malabaricus","Area_2","prey_59",28,28,100
"Hoplias_malabaricus","Area_2","prey_6",28,28,100
"Hoplias_malabaricus","Area_2","prey_60",28,28,100
"Hoplias_malabaricus","Area_2","prey_7",28,28,100
"Hoplias_malabaricus","Area_2","prey_8",28,28,100
"Hoplias_malabaricus","Area_2","prey_9",28,28,100
"Hoplias_malabaricus","Area_3","prey_1",25,25,100
"Hoplias_malabaricus","Area_3","prey_10",25,25,100
"Hoplias_malabaricus","Area_3","prey_11",25,25,100
"Hoplias_malabaricus","Area_3","prey_12",25,25,100
"Hoplias_malabaricus","Area_3","prey_13",25,25,100
"Hoplias_malabaricus","Area_3","prey_14",25,25,100
"Hoplias_malabaricus","Area_3","prey_15",25,25,100
"Hoplias_malabaricus","Area_3","prey_16",25,25,100
"Hoplias_malabaricus","Area_3","prey_17",25,25,100
"Hoplias_malabaricus","Area_3","prey_18",25,25,100
"Hoplias_malabaricus","Area_3","prey_19",25,25,100
"Hoplias_malabaricus","Area_3","prey_2",25,25,100
"Hoplias_malabaricus","Area_3","prey_20",25,25,100
"Hoplias_malabaricus","Area_3","prey_21",25,25,100
"Hoplias_malabaricus","Area_3","prey_22",25,25,100
"Hoplias_malabaricus","Area_3","prey_23",25,25,100
"Hoplias_malabaricus","Area_3","prey_24",25,25,100
"Hoplias_malabaricus","Area_3","prey_25",25,25,100
"Hoplias_malabaricus","Area_3","prey_26",25,25,100
"Hoplias_malabaricus","Area_3","prey_27",25,25,100
"Hoplias_malabaricus","Area_3","prey_28",25,25,100
"Hoplias_malabaricus","Area_3","prey_29",25,25,100
"Hoplias_malabaricus","Area_3","prey_3",25,25,100
"Hoplias_malabaricus","Area_3","prey_30",25,25,100
"Hoplias_malabaricus","Area_3","prey_31",25,25,100
"Hoplias_malabaricus","Area_3","prey_32",25,25,100
"Hoplias_malabaricus","Area_3","prey_33",25,25,100
"Hoplias_malabaricus","Area_3","prey_34",25,25,100
"Hoplias_malabaricus","Area_3","prey_35",25,25,100
"Hoplias_malabaricus","Area_3","prey_36",25,25,100
"Hoplias_malabaricus","Area_3","prey_37",25,25,100
"Hoplias_malabaricus","Area_3","prey_38",25,25,100
"Hoplias_malabaricus","Area_3","prey_39",25,25,100
"Hoplias_malabaricus","Area_3","prey_4",25,25,100
"Hoplias_malabaricus","Area_3","prey_40",25,25,100
"Hoplias_malabaricus","Area_3","prey_41",25,25,100
"Hoplias_malabaricus","Area_3","prey_42",25,25,100
"Hoplias_malabaricus","Area_3","prey_43",25,25,100
"Hoplias_malabaricus","Area_3","prey_44",25,25,100
"Hoplias_malabaricus","Area_3","prey_45",25,25,100
"Hoplias_malabaricus","Area_3","prey_46",25,25,100
"Hoplias_malabaricus","Area_3","prey_47",25,25,100
"Hoplias_malabaricus","Area_3","prey_48",25,25,100
"Hoplias_malabaricus","Area_3","prey_49",25,25,100
"Hoplias_malabaricus","Area_3","prey_5",25,25,100
"Hoplias_malabaricus","Area_3","prey_50",25,25,100
"Hoplias_malabaricus","Area_3","prey_51",25,25,100
"Hoplias_malabaricus","Area_3","prey_52",25,25,100
"Hoplias_malabaricus","Area_3","prey_53",25,25,100
"Hoplias_malabaricus","Area_3","prey_54",25,25,100
"Hoplias_malabaricus","Area_3","prey_55",25,25,100
"Hoplias_malabaricus","Area_3","prey_56",25,25,100
"Hoplias_malabaricus","Area_3","prey_57",25,25,100
"Hoplias_malabaricus","Area_3","prey_58",25,25,100
"Hoplias_malabaricus","Area_3","prey_59",25,25,100
"Hoplias_malabaricus","Area_3","prey_6",25,25,100
"Hoplias_malabaricus","Area_3","prey_60",25,25,100
"Hoplias_malabaricus","Area_3","prey_7",25,25,100
"Hoplias_malabaricus","Area_3","prey_8",25,25,100
"Hoplias_malabaricus","Area_3","prey_9",25,25,100
"Hoplias_malabaricus","Area_4","prey_1",19,19,100
"Hoplias_malabaricus","Area_4","prey_10",19,19,100
"Hoplias_malabaricus","Area_4","prey_11",19,19,100
"Hoplias_malabaricus","Area_4","prey_12",19,19,100
"Hoplias_malabaricus","Area_4","prey_13",19,19,100
"Hoplias_malabaricus","Area_4","prey_14",19,19,100
"Hoplias_malabaricus","Area_4","prey_15",19,19,100
"Hoplias_malabaricus","Area_4","prey_16",19,19,100
"Hoplias_malabaricus","Area_4","prey_17",19,19,100
"Hoplias_malabaricus","Area_4","prey_18",19,19,100
"Hoplias_malabaricus","Area_4","prey_19",19,19,100
"Hoplias_malabaricus","Area_4","prey_2",19,19,100
"Hoplias_malabaricus","Area_4","prey_20",19,19,100
"Hoplias_malabaricus","Area_4","prey_21",19,19,100
"Hoplias_malabaricus","Area_4","prey_22",19,19,100
"Hoplias_malabaricus","Area_4","prey_23",19,19,100
"Hoplias_malabaricus","Area_4","prey_24",19,19,100
"Hoplias_malabaricus","Area_4","prey_25",19,19,100
"Hoplias_malabaricus","Area_4","prey_26",19,19,100
"Hoplias_malabaricus","Area_4","prey_27",19,19,100
"Hoplias_malabaricus","Area_4","prey_28",19,19,100
"Hoplias_malabaricus","Area_4","prey_29",19,19,100
"Hoplias_malabaricus","Area_4","prey_3",19,19,100
"Hoplias_malabaricus","Area_4","prey_30",19,19,100
"Hoplias_malabaricus","Area_4","prey_31",19,19,100
"Hoplias_malabaricus","Area_4","prey_32",19,19,100
"Hoplias_malabaricus","Area_4","prey_33",19,19,100
"Hoplias_malabaricus","Area_4","prey_34",19,19,100
"Hoplias_malabaricus","Area_4","prey_35",19,19,100
"Hoplias_malabaricus","Area_4","prey_36",19,19,100
"Hoplias_malabaricus","Area_4","prey_37",19,19,100
"Hoplias_malabaricus","Area_4","prey_38",19,19,100
"Hoplias_malabaricus","Area_4","prey_39",19,19,100
"Hoplias_malabaricus","Area_4","prey_4",19,19,100
"Hoplias_malabaricus","Area_4","prey_40",19,19,100
"Hoplias_malabaricus","Area_4","prey_41",19,19,100
"Hoplias_malabaricus","Area_4","prey_42",19,19,100
"Hoplias_malabaricus","Area_4","prey_43",19,19,100
"Hoplias_malabaricus","Area_4","prey_44",19,19,100
"Hoplias_malabaricus","Area_4","prey_45",19,19,100
"Hoplias_malabaricus","Area_4","prey_46",19,19,100
"Hoplias_malabaricus","Area_4","prey_47",19,19,100
"Hoplias_malabaricus","Area_4","prey_48",19,19,100
"Hoplias_malabaricus","Area_4","prey_49",19,19,100
"Hoplias_malabaricus","Area_4","prey_5",19,19,100
"Hoplias_malabaricus","Area_4","prey_50",19,19,100
"Hoplias_malabaricus","Area_4","prey_51",19,19,100
"Hoplias_malabaricus","Area_4","prey_52",19,19,100
"Hoplias_malabaricus","Area_4","prey_53",19,19,100
"Hoplias_malabaricus","Area_4","prey_54",19,19,100
"Hoplias_malabaricus","Area_4","prey_55",19,19,100
"Hoplias_malabaricus","Area_4","prey_56",19,19,100
"Hoplias_malabaricus","Area_4","prey_57",19,19,100
"Hoplias_malabaricus","Area_4","prey_58",19,19,100
"Hoplias_malabaricus","Area_4","prey_59",19,19,100
"Hoplias_malabaricus","Area_4","prey_6",19,19,100
"Hoplias_malabaricus","Area_4","prey_60",19,19,100
"Hoplias_malabaricus","Area_4","prey_7",19,19,100
"Hoplias_malabaricus","Area_4","prey_8",19,19,100
"Hoplias_malabaricus","Area_4","prey_9",19,19,100
"Leporinus_friderici","Area_1","prey_1",20,20,100
"Leporinus_friderici","Area_1","prey_10",20,20,100
"Leporinus_friderici","Area_1","prey_11",20,20,100
"Leporinus_friderici","Area_1","prey_12",20,20,100
"Leporinus_friderici","Area_1","prey_13",20,20,100
"Leporinus_friderici","Area_1","prey_14",20,20,100
"Leporinus_friderici","Area_1","prey_15",20,20,100
"Leporinus_friderici","Area_1","prey_16",20,20,100
"Leporinus_friderici","Area_1","prey_17",20,20,100
"Leporinus_friderici","Area_1","prey_18",20,20,100
"Leporinus_friderici","Area_1","prey_19",20,20,100
"Leporinus_friderici","Area_1","prey_2",20,20,100
"Leporinus_friderici","Area_1","prey_20",20,20,100
"Leporinus_friderici","Area_1","prey_21",20,20,100
"Leporinus_friderici","Area_1","prey_22",20,20,100
"Leporinus_friderici","Area_1","prey_23",20,20,100
"Leporinus_friderici","Area_1","prey_24",20,20,100
"Leporinus_friderici","Area_1","prey_25",20,20,100
"Leporinus_friderici","Area_1","prey_26",20,20,100
"Leporinus_friderici","Area_1","prey_27",20,20,100
"Leporinus_friderici","Area_1","prey_28",20,20,100
"Leporinus_friderici","Area_1","prey_29",20,20,100
"Leporinus_friderici","Area_1","prey_3",20,20,100
"Leporinus_friderici","Area_1","prey_30",20,20,100
"Leporinus_friderici","Area_1","prey_31",20,20,100
"Leporinus_friderici","Area_1","prey_32",20,20,100
"Leporinus_friderici","Area_1","prey_33",20,20,100
"Leporinus_friderici","Area_1","prey_34",20,20,100
"Leporinus_friderici","Area_1","prey_35",20,20,100
"Leporinus_friderici","Area_1","prey_36",20,20,100
"Leporinus_friderici","Area_1","prey_37",20,20,100
"Leporinus_friderici","Area_1","prey_38",20,20,100
"Leporinus_friderici","Area_1","prey_39",20,20,100
"Leporinus_friderici","Area_1","prey_4",20,20,100
"Leporinus_friderici","Area_1","prey_40",20,20,100
"Leporinus_friderici","Area_1","prey_41",20,20,100
"Leporinus_friderici","Area_1","prey_42",20,20,100
"Leporinus_friderici","Area_1","prey_43",20,20,100
"Leporinus_friderici","Area_1","prey_44",20,20,100
"Leporinus_friderici","Area_1","prey_45",20,20,100
"Leporinus_friderici","Area_1","prey_46",20,20,100
"Leporinus_friderici","Area_1","prey_47",20,20,100
"Leporinus_friderici","Area_1","prey_48",20,20,100
"Leporinus_friderici","Area_1","prey_49",20,20,100
"Leporinus_friderici","Area_1","prey_5",20,20,100
"Leporinus_friderici","Area_1","prey_50",20,20,100
"Leporinus_friderici","Area_1","prey_51",20,20,100
"Leporinus_friderici","Area_1","prey_52",20,20,100
"Leporinus_friderici","Area_1","prey_53",20,20,100
"Leporinus_friderici","Area_1","prey_54",20,20,100
"Leporinus_friderici","Area_1","prey_55",20,20,100
"Leporinus_friderici","Area_1","prey_56",20,20,100
"Leporinus_friderici","Area_1","prey_57",20,20,100
"Leporinus_friderici","Area_1","prey_58",20,20,100
"Leporinus_friderici","Area_1","prey_59",20,20,100
"Leporinus_friderici","Area_1","prey_6",20,20,100
"Leporinus_friderici","Area_1","prey_60",20,20,100
"Leporinus_friderici","Area_1","prey_7",20,20,100
"Leporinus_friderici","Area_1","prey_8",20,20,100
"Leporinus_friderici","Area_1","prey_9",20,20,100
"Leporinus_friderici","Area_2","prey_1",29,29,100
"Leporinus_friderici","Area_2","prey_10",29,29,100
"Leporinus_friderici","Area_2","prey_11",29,29,100
"Leporinus_friderici","Area_2","prey_12",29,29,100
"Leporinus_friderici","Area_2","prey_13",29,29,100
"Leporinus_friderici","Area_2","prey_14",29,29,100
"Leporinus_friderici","Area_2","prey_15",29,29,100
"Leporinus_friderici","Area_2","prey_16",29,29,100
"Leporinus_friderici","Area_2","prey_17",29,29,100
"Leporinus_friderici","Area_2","prey_18",29,29,100
"Leporinus_friderici","Area_2","prey_19",29,29,100
"Leporinus_friderici","Area_2","prey_2",29,29,100
"Leporinus_friderici","Area_2","prey_20",29,29,100
"Leporinus_friderici","Area_2","prey_21",29,29,100
"Leporinus_friderici","Area_2","prey_22",29,29,100
"Leporinus_friderici","Area_2","prey_23",29,29,100
"Leporinus_friderici","Area_2","prey_24",29,29,100
"Leporinus_friderici","Area_2","prey_25",29,29,100
"Leporinus_friderici","Area_2","prey_26",29,29,100
"Leporinus_friderici","Area_2","prey_27",29,29,100
"Leporinus_friderici","Area_2","prey_28",29,29,100
"Leporinus_friderici","Area_2","prey_29",29,29,100
"Leporinus_friderici","Area_2","prey_3",29,29,100
"Leporinus_friderici","Area_2","prey_30",29,29,100
"Leporinus_friderici","Area_2","prey_31",29,29,100
"Leporinus_friderici","Area_2","prey_32",29,29,100
"Leporinus_friderici","Area_2","prey_33",29,29,100
"Leporinus_friderici","Area_2","prey_34",29,29,100
"Leporinus_friderici","Area_2","prey_35",29,29,100
"Leporinus_friderici","Area_2","prey_36",29,29,100
"Leporinus_friderici","Area_2","prey_37",29,29,100
"Leporinus_friderici","Area_2","prey_38",29,29,100
"Leporinus_friderici","Area_2","prey_39",29,29,100
"Leporinus_friderici","Area_2","prey_4",29,29,100
"Leporinus_friderici","Area_2","prey_40",29,29,100
"Leporinus_friderici","Area_2","prey_41",29,29,100
"Leporinus_friderici","Area_2","prey_42",29,29,100
"Leporinus_friderici","Area_2","prey_43",29,29,100
"Leporinus_friderici","Area_2","prey_44",29,29,100
"Leporinus_friderici","Area_2","prey_45",29,29,100
"Leporinus_friderici","Area_2","prey_46",29,29,100
"Leporinus_friderici","Area_2","prey_47",29,29,100
"Leporinus_friderici","Area_2","prey_48",29,29,100
"Leporinus_friderici","Area_2","prey_49",29,29,100
"Leporinus_friderici","Area_2","prey_5",29,29,100
"Leporinus_friderici","Area_2","prey_50",29,29,100
"Leporinus_friderici","Area_2","prey_51",29,29,100
"Leporinus_friderici","Area_2","prey_52",29,29,100
"Leporinus_friderici","Area_2","prey_53",29,29,100
"Leporinus_friderici","Area_2","prey_54",29,29,100
"Leporinus_friderici","Area_2","prey_55",29,29,100
"Leporinus_friderici","Area_2","prey_56",29,29,100
"Leporinus_friderici","Area_2","prey_57",29,29,100
"Leporinus_friderici","Area_2","prey_58",29,29,100
"Leporinus_friderici","Area_2","prey_59",29,29,100
"Leporinus_friderici","Area_2","prey_6",29,29,100
"Leporinus_friderici","Area_2","prey_60",29,29,100
"Leporinus_friderici","Area_2","prey_7",29,29,100
"Leporinus_friderici","Area_2","prey_8",29,29,100
"Leporinus_friderici","Area_2","prey_9",29,29,100
"Leporinus_friderici","Area_3","prey_1",32,32,100
"Leporinus_friderici","Area_3","prey_10",32,32,100
"Leporinus_friderici","Area_3","prey_11",32,32,100
"Leporinus_friderici","Area_3","prey_12",32,32,100
"Leporinus_friderici","Area_3","prey_13",32,32,100
"Leporinus_friderici","Area_3","prey_14",32,32,100
"Leporinus_friderici","Area_3","prey_15",32,32,100
"Leporinus_friderici","Area_3","prey_16",32,32,100
"Leporinus_friderici","Area_3","prey_17",32,32,100
"Leporinus_friderici","Area_3","prey_18",32,32,100
"Leporinus_friderici","Area_3","prey_19",32,32,100
"Leporinus_friderici","Area_3","prey_2",32,32,100
"Leporinus_friderici","Area_3","prey_20",32,32,100
"Leporinus_friderici","Area_3","prey_21",32,32,100
"Leporinus_friderici","Area_3","prey_22",32,32,100
"Leporinus_friderici","Area_3","prey_23",32,32,100
"Leporinus_friderici","Area_3","prey_24",32,32,100
"Leporinus_friderici","Area_3","prey_25",32,32,100
"Leporinus_friderici","Area_3","prey_26",32,32,100
"Leporinus_friderici","Area_3","prey_27",32,32,100
"Leporinus_friderici","Area_3","prey_28",32,32,100
"Leporinus_friderici","Area_3","prey_29",32,32,100
"Leporinus_friderici","Area_3","prey_3",32,32,100
"Leporinus_friderici","Area_3","prey_30",32,32,100
"Leporinus_friderici","Area_3","prey_31",32,32,100
"Leporinus_friderici","Area_3","prey_32",32,32,100
"Leporinus_friderici","Area_3","prey_33",32,32,100
"Leporinus_friderici","Area_3","prey_34",32,32,100
"Leporinus_friderici","Area_3","prey_35",32,32,100
"Leporinus_friderici","Area_3","prey_36",32,32,100
"Leporinus_friderici","Area_3","prey_37",32,32,100
"Leporinus_friderici","Area_3","prey_38",32,32,100
"Leporinus_friderici","Area_3","prey_39",32,32,100
"Leporinus_friderici","Area_3","prey_4",32,32,100
"Leporinus_friderici","Area_3","prey_40",32,32,100
"Leporinus_friderici","Area_3","prey_41",32,32,100
"Leporinus_friderici","Area_3","prey_42",32,32,100
"Leporinus_friderici","Area_3","prey_43",32,32,100
"Leporinus_friderici","Area_3","prey_44",32,32,100
"Leporinus_friderici","Area_3","prey_45",32,32,100
"Leporinus_friderici","Area_3","prey_46",32,32,100
"Leporinus_friderici","Area_3","prey_47",32,32,100
"Leporinus_friderici","Area_3","prey_48",32,32,100
"Leporinus_friderici","Area_3","prey_49",32,32,100
"Leporinus_friderici","Area_3","prey_5",32,32,100
"Leporinus_friderici","Area_3","prey_50",32,32,100
"Leporinus_friderici","Area_3","prey_51",32,32,100
"Leporinus_friderici","Area_3","prey_52",32,32,100
"Leporinus_friderici","Area_3","prey_53",32,32,100
"Leporinus_friderici","Area_3","prey_54",32,32,100
"Leporinus_friderici","Area_3","prey_55",32,32,100
"Leporinus_friderici","Area_3","prey_56",32,32,100
"Leporinus_friderici","Area_3","prey_57",32,32,100
"Leporinus_friderici","Area_3","prey_58",32,32,100
"Leporinus_friderici","Area_3","prey_59",32,32,100
"Leporinus_friderici","Area_3","prey_6",32,32,100
"Leporinus_friderici","Area_3","prey_60",32,32,100
"Leporinus_friderici","Area_3","prey_7",32,32,100
"Leporinus_friderici","Area_3","prey_8",32,32,100
"Leporinus_friderici","Area_3","prey_9",32,32,100
"Leporinus_friderici","Area_4","prey_1",27,27,100
"Leporinus_friderici","Area_4","prey_10",27,27,100
"Leporinus_friderici","Area_4","prey_11",27,27,100
"Leporinus_friderici","Area_4","prey_12",27,27,100
"Leporinus_friderici","Area_4","prey_13",27,27,100
"Leporinus_friderici","Area_4","prey_14",27,27,100
"Leporinus_friderici","Area_4","prey_15",27,27,100
"Leporinus_friderici","Area_4","prey_16",27,27,100
"Leporinus_friderici","Area_4","prey_17",27,27,100
"Leporinus_friderici","Area_4","prey_18",27,27,100
"Leporinus_friderici","Area_4","prey_19",27,27,100
"Leporinus_friderici","Area_4","prey_2",27,27,100
"Leporinus_friderici","Area_4","prey_20",27,27,100
"Leporinus_friderici","Area_4","prey_21",27,27,100
"Leporinus_friderici","Area_4","prey_22",27,27,100
"Leporinus_friderici","Area_4","prey_23",27,27,100
"Leporinus_friderici","Area_4","prey_24",27,27,100
"Leporinus_friderici","Area_4","prey_25",27,27,100
"Leporinus_friderici","Area_4","prey_26",27,27,100
"Leporinus_friderici","Area_4","prey_27",27,27,100
"Leporinus_friderici","Area_4","prey_28",27,27,100
"Leporinus_friderici","Area_4","prey_29",27,27,100
"Leporinus_friderici","Area_4","prey_3",27,27,100
"Leporinus_friderici","Area_4","prey_30",27,27,100
"Leporinus_friderici","Area_4","prey_31",27,27,100
"Leporinus_friderici","Area_4","prey_32",27,27,100
"Leporinus_friderici","Area_4","prey_33",27,27,100
"Leporinus_friderici","Area_4","prey_34",27,27,100
"Leporinus_friderici","Area_4","prey_35",27,27,100
"Leporinus_friderici","Area_4","prey_36",27,27,100
"Leporinus_friderici","Area_4","prey_37",27,27,100
"Leporinus_friderici","Area_4","prey_38",27,27,100
"Leporinus_friderici","Area_4","prey_39",27,27,100
"Leporinus_friderici","Area_4","prey_4",27,27,100
"Leporinus_friderici","Area_4","prey_40",27,27,100
"Leporinus_friderici","Area_4","prey_41",27,27,100
"Leporinus_friderici","Area_4","prey_42",27,27,100
"Leporinus_friderici","Area_4","prey_43",27,27,100
"Leporinus_friderici","Area_4","prey_44",27,27,100
"Leporinus_friderici","Area_4","prey_45",27,27,100
"Leporinus_friderici","Area_4","prey_46",27,27,100
"Leporinus_friderici","Area_4","prey_47",27,27,100
"Leporinus_friderici","Area_4","prey_48",27,27,100
"Leporinus_friderici","Area_4","prey_49",27,27,100
"Leporinus_friderici","Area_4","prey_5",27,27,100
"Leporinus_friderici","Area_4","prey_50",27,27,100
"Leporinus_friderici","Area_4","prey_51",27,27,100
"Leporinus_friderici","Area_4","prey_52",27,27,100
"Leporinus_friderici","Area_4","prey_53",27,27,100
"Leporinus_friderici","Area_4","prey_54",27,27,100
"Leporinus_friderici","Area_4","prey_55",27,27,100
"Leporinus_friderici","Area_4","prey_56",27,27,100
"Leporinus_friderici","Area_4","prey_57",27,27,100
"Leporinus_friderici","Area_4","prey_58",27,27,100
"Leporinus_friderici","Area_4","prey_59",27,27,100
"Leporinus_friderici","Area_4","prey_6",27,27,100
"Leporinus_friderici","Area_4","prey_60",27,27,100
"Leporinus_friderici","Area_4","prey_7",27,27,100
"Leporinus_friderici","Area_4","prey_8",27,27,100
"Leporinus_friderici","Area_4","prey_9",27,27,100
"Pimelodus_maculatus","Area_1","prey_1",20,20,100
"Pimelodus_maculatus","Area_1","prey_10",20,20,100
"Pimelodus_maculatus","Area_1","prey_11",20,20,100
"Pimelodus_maculatus","Area_1","prey_12",20,20,100
"Pimelodus_maculatus","Area_1","prey_13",20,20,100
"Pimelodus_maculatus","Area_1","prey_14",20,20,100
"Pimelodus_maculatus","Area_1","prey_15",20,20,100
"Pimelodus_maculatus","Area_1","prey_16",20,20,100
"Pimelodus_maculatus","Area_1","prey_17",20,20,100
"Pimelodus_maculatus","Area_1","prey_18",20,20,100
"Pimelodus_maculatus","Area_1","prey_19",20,20,100
"Pimelodus_maculatus","Area_1","prey_2",20,20,100
"Pimelodus_maculatus","Area_1","prey_20",20,20,100
"Pimelodus_maculatus","Area_1","prey_21",20,20,100
"Pimelodus_maculatus","Area_1","prey_22",20,20,100
"Pimelodus_maculatus","Area_1","prey_23",20,20,100
"Pimelodus_maculatus","Area_1","prey_24",20,20,100
"Pimelodus_maculatus","Area_1","prey_25",20,20,100
"Pimelodus_maculatus","Area_1","prey_26",20,20,100
"Pimelodus_maculatus","Area_1","prey_27",20,20,100
"Pimelodus_maculatus","Area_1","prey_28",20,20,100
"Pimelodus_maculatus","Area_1","prey_29",20,20,100
"Pimelodus_maculatus","Area_1","prey_3",20,20,100
"Pimelodus_maculatus","Area_1","prey_30",20,20,100
"Pimelodus_maculatus","Area_1","prey_31",20,20,100
"Pimelodus_maculatus","Area_1","prey_32",20,20,100
"Pimelodus_maculatus","Area_1","prey_33",20,20,100
"Pimelodus_maculatus","Area_1","prey_34",20,20,100
"Pimelodus_maculatus","Area_1","prey_35",20,20,100
"Pimelodus_maculatus","Area_1","prey_36",20,20,100
"Pimelodus_maculatus","Area_1","prey_37",20,20,100
"Pimelodus_maculatus","Area_1","prey_38",20,20,100
"Pimelodus_maculatus","Area_1","prey_39",20,20,100
"Pimelodus_maculatus","Area_1","prey_4",20,20,100
"Pimelodus_maculatus","Area_1","prey_40",20,20,100
"Pimelodus_maculatus","Area_1","prey_41",20,20,100
"Pimelodus_maculatus","Area_1","prey_42",20,20,100
"Pimelodus_maculatus","Area_1","prey_43",20,20,100
"Pimelodus_maculatus","Area_1","prey_44",20,20,100
"Pimelodus_maculatus","Area_1","prey_45",20,20,100
"Pimelodus_maculatus","Area_1","prey_46",20,20,100
"Pimelodus_maculatus","Area_1","prey_47",20,20,100
"Pimelodus_maculatus","Area_1","prey_48",20,20,100
"Pimelodus_maculatus","Area_1","prey_49",20,20,100
"Pimelodus_maculatus","Area_1","prey_5",20,20,100
"Pimelodus_maculatus","Area_1","prey_50",20,20,100
"Pimelodus_maculatus","Area_1","prey_51",20,20,100
"Pimelodus_maculatus","Area_1","prey_52",20,20,100
"Pimelodus_maculatus","Area_1","prey_53",20,20,100
"Pimelodus_maculatus","Area_1","prey_54",20,20,100
"Pimelodus_maculatus","Area_1","prey_55",20,20,100
"Pimelodus_maculatus","Area_1","prey_56",20,20,100
"Pimelodus_maculatus","Area_1","prey_57",20,20,100
"Pimelodus_maculatus","Area_1","prey_58",20,20,100
"Pimelodus_maculatus","Area_1","prey_59",20,20,100
"Pimelodus_maculatus","Area_1","prey_6",20,20,100
"Pimelodus_maculatus","Area_1","prey_60",20,20,100
"Pimelodus_maculatus","Area_1","prey_7",20,20,100
"Pimelodus_maculatus","Area_1","prey_8",20,20,100
"Pimelodus_maculatus","Area_1","prey_9",20,20,100
"Pimelodus_maculatus","Area_2","prey_1",27,27,100
"Pimelodus_maculatus","Area_2","prey_10",27,27,100
"Pimelodus_maculatus","Area_2","prey_11",27,27,100
"Pimelodus_maculatus","Area_2","prey_12",27,27,100
"Pimelodus_maculatus","Area_2","prey_13",27,27,100
"Pimelodus_maculatus","Area_2","prey_14",27,27,100
"Pimelodus_maculatus","Area_2","prey_15",27,27,100
"Pimelodus_maculatus","Area_2","prey_16",27,27,100
"Pimelodus_maculatus","Area_2","prey_17",27,27,100
"Pimelodus_maculatus","Area_2","prey_18",27,27,100
"Pimelodus_maculatus","Area_2","prey_19",27,27,100
"Pimelodus_maculatus","Area_2","prey_2",27,27,100
"Pimelodus_maculatus","Area_2","prey_20",27,27,100
"Pimelodus_maculatus","Area_2","prey_21",27,27,100
"Pimelodus_maculatus","Area_2","prey_22",27,27,100
"Pimelodus_maculatus","Area_2","prey_23",27,27,100
"Pimelodus_maculatus","Area_2","prey_24",27,27,100
"Pimelodus_maculatus","Area_2","prey_25",27,27,100
"Pimelodus_maculatus","Area_2","prey_26",27,27,100
"Pimelodus_maculatus","Area_2","prey_27",27,27,100
"Pimelodus_maculatus","Area_2","prey_28",27,27,100
"Pimelodus_maculatus","Area_2","prey_29",27,27,100
"Pimelodus_maculatus","Area_2","prey_3",27,27,100
"Pimelodus_maculatus","Area_2","prey_30",27,27,100
"Pimelodus_maculatus","Area_2","prey_31",27,27,100
"Pimelodus_maculatus","Area_2","prey_32",27,27,100
"Pimelodus_maculatus","Area_2","prey_33",27,27,100
"Pimelodus_maculatus","Area_2","prey_34",27,27,100
"Pimelodus_maculatus","Area_2","prey_35",27,27,100
"Pimelodus_maculatus","Area_2","prey_36",27,27,100
"Pimelodus_maculatus","Area_2","prey_37",27,27,100
"Pimelodus_maculatus","Area_2","prey_38",27,27,100
"Pimelodus_maculatus","Area_2","prey_39",27,27,100
"Pimelodus_maculatus","Area_2","prey_4",27,27,100
"Pimelodus_maculatus","Area_2","prey_40",27,27,100
"Pimelodus_maculatus","Area_2","prey_41",27,27,100
"Pimelodus_maculatus","Area_2","prey_42",27,27,100
"Pimelodus_maculatus","Area_2","prey_43",27,27,100
"Pimelodus_maculatus","Area_2","prey_44",27,27,100
"Pimelodus_maculatus","Area_2","prey_45",27,27,100
"Pimelodus_maculatus","Area_2","prey_46",27,27,100
"Pimelodus_maculatus","Area_2","prey_47",27,27,100
"Pimelodus_maculatus","Area_2","prey_48",27,27,100
"Pimelodus_maculatus","Area_2","prey_49",27,27,100
"Pimelodus_maculatus","Area_2","prey_5",27,27,100
"Pimelodus_maculatus","Area_2","prey_50",27,27,100
"Pimelodus_maculatus","Area_2","prey_51",27,27,100
"Pimelodus_maculatus","Area_2","prey_52",27,27,100
"Pimelodus_maculatus","Area_2","prey_53",27,27,100
"Pimelodus_maculatus","Area_2","prey_54",27,27,100
"Pimelodus_maculatus","Area_2","prey_55",27,27,100
"Pimelodus_maculatus","Area_2","prey_56",27,27,100
"Pimelodus_maculatus","Area_2","prey_57",27,27,100
"Pimelodus_maculatus","Area_2","prey_58",27,27,100
"Pimelodus_maculatus","Area_2","prey_59",27,27,100
"Pimelodus_maculatus","Area_2","prey_6",27,27,100
"Pimelodus_maculatus","Area_2","prey_60",27,27,100
"Pimelodus_maculatus","Area_2","prey_7",27,27,100
"Pimelodus_maculatus","Area_2","prey_8",27,27,100
"Pimelodus_maculatus","Area_2","prey_9",27,27,100
"Pimelodus_maculatus","Area_3","prey_1",25,25,100
"Pimelodus_maculatus","Area_3","prey_10",25,25,100
"Pimelodus_maculatus","Area_3","prey_11",25,25,100
"Pimelodus_maculatus","Area_3","prey_12",25,25,100
"Pimelodus_maculatus","Area_3","prey_13",25,25,100
"Pimelodus_maculatus","Area_3","prey_14",25,25,100
"Pimelodus_maculatus","Area_3","prey_15",25,25,100
"Pimelodus_maculatus","Area_3","prey_16",25,25,100
"Pimelodus_maculatus","Area_3","prey_17",25,25,100
"Pimelodus_maculatus","Area_3","prey_18",25,25,100
"Pimelodus_maculatus","Area_3","prey_19",25,25,100
"Pimelodus_maculatus","Area_3","prey_2",25,25,100
"Pimelodus_maculatus","Area_3","prey_20",25,25,100
"Pimelodus_maculatus","Area_3","prey_21",25,25,100
"Pimelodus_maculatus","Area_3","prey_22",25,25,100
"Pimelodus_maculatus","Area_3","prey_23",25,25,100
"Pimelodus_maculatus","Area_3","prey_24",25,25,100
"Pimelodus_maculatus","Area_3","prey_25",25,25,100
"Pimelodus_maculatus","Area_3","prey_26",25,25,100
"Pimelodus_maculatus","Area_3","prey_27",25,25,100
"Pimelodus_maculatus","Area_3","prey_28",25,25,100
"Pimelodus_maculatus","Area_3","prey_29",25,25,100
"Pimelodus_maculatus","Area_3","prey_3",25,25,100
"Pimelodus_maculatus","Area_3","prey_30",25,25,100
"Pimelodus_maculatus","Area_3","prey_31",25,25,100
"Pimelodus_maculatus","Area_3","prey_32",25,25,100
"Pimelodus_maculatus","Area_3","prey_33",25,25,100
"Pimelodus_maculatus","Area_3","prey_34",25,25,100
"Pimelodus_maculatus","Area_3","prey_35",25,25,100
"Pimelodus_maculatus","Area_3","prey_36",25,25,100
"Pimelodus_maculatus","Area_3","prey_37",25,25,100
"Pimelodus_maculatus","Area_3","prey_38",25,25,100
"Pimelodus_maculatus","Area_3","prey_39",25,25,100
"Pimelodus_maculatus","Area_3","prey_4",25,25,100
"Pimelodus_maculatus","Area_3","prey_40",25,25,100
"Pimelodus_maculatus","Area_3","prey_41",25,25,100
"Pimelodus_maculatus","Area_3","prey_42",25,25,100
"Pimelodus_maculatus","Area_3","prey_43",25,25,100
"Pimelodus_maculatus","Area_3","prey_44",25,25,100
"Pimelodus_maculatus","Area_3","prey_45",25,25,100
"Pimelodus_maculatus","Area_3","prey_46",25,25,100
"Pimelodus_maculatus","Area_3","prey_47",25,25,100
"Pimelodus_maculatus","Area_3","prey_48",25,25,100
"Pimelodus_maculatus","Area_3","prey_49",25,25,100
"Pimelodus_maculatus","Area_3","prey_5",25,25,100
"Pimelodus_maculatus","Area_3","prey_50",25,25,100
"Pimelodus_maculatus","Area_3","prey_51",25,25,100
"Pimelodus_maculatus","Area_3","prey_52",25,25,100
"Pimelodus_maculatus","Area_3","prey_53",25,25,100
"Pimelodus_maculatus","Area_3","prey_54",25,25,100
"Pimelodus_maculatus","Area_3","prey_55",25,25,100
"Pimelodus_maculatus","Area_3","prey_56",25,25,100
"Pimelodus_maculatus","Area_3","prey_57",25,25,100
"Pimelodus_maculatus","Area_3","prey_58",25,25,100
"Pimelodus_maculatus","Area_3","prey_59",25,25,100
"Pimelodus_maculatus","Area_3","prey_6",25,25,100
"Pimelodus_maculatus","Area_3","prey_60",25,25,100
"Pimelodus_maculatus","Area_3","prey_7",25,25,100
"Pimelodus_maculatus","Area_3","prey_8",25,25,100
"Pimelodus_maculatus","Area_3","prey_9",25,25,100
"Pimelodus_maculatus","Area_4","prey_1",17,17,100
"Pimelodus_maculatus","Area_4","prey_10",17,17,100
"Pimelodus_maculatus","Area_4","prey_11",17,17,100
"Pimelodus_maculatus","Area_4","prey_12",17,17,100
"Pimelodus_maculatus","Area_4","prey_13",17,17,100
"Pimelodus_maculatus","Area_4","prey_14",17,17,100
"Pimelodus_maculatus","Area_4","prey_15",17,17,100
"Pimelodus_maculatus","Area_4","prey_16",17,17,100
"Pimelodus_maculatus","Area_4","prey_17",17,17,100
"Pimelodus_maculatus","Area_4","prey_18",17,17,100
"Pimelodus_maculatus","Area_4","prey_19",17,17,100
"Pimelodus_maculatus","Area_4","prey_2",17,17,100
"Pimelodus_maculatus","Area_4","prey_20",17,17,100
"Pimelodus_maculatus","Area_4","prey_21",17,17,100
"Pimelodus_maculatus","Area_4","prey_22",17,17,100
"Pimelodus_maculatus","Area_4","prey_23",17,17,100
"Pimelodus_maculatus","Area_4","prey_24",17,17,100
"Pimelodus_maculatus","Area_4","prey_25",17,17,100
"Pimelodus_maculatus","Area_4","prey_26",17,17,100
"Pimelodus_maculatus","Area_4","prey_27",17,17,100
"Pimelodus_maculatus","Area_4","prey_28",17,17,100
"Pimelodus_maculatus","Area_4","prey_29",17,17,100
"Pimelodus_maculatus","Area_4","prey_3",17,17,100
"Pimelodus_maculatus","Area_4","prey_30",17,17,100
"Pimelodus_maculatus","Area_4","prey_31",17,17,100
"Pimelodus_maculatus","Area_4","prey_32",17,17,100
"Pimelodus_maculatus","Area_4","prey_33",17,17,100
"Pimelodus_maculatus","Area_4","prey_34",17,17,100
"Pimelodus_maculatus","Area_4","prey_35",17,17,100
"Pimelodus_maculatus","Area_4","prey_36",17,17,100
"Pimelodus_maculatus","Area_4","prey_37",17,17,100
"Pimelodus_maculatus","Area_4","prey_38",17,17,100
"Pimelodus_maculatus","Area_4","prey_39",17,17,100
"Pimelodus_maculatus","Area_4","prey_4",17,17,100
"Pimelodus_maculatus","Area_4","prey_40",17,17,100
"Pimelodus_maculatus","Area_4","prey_41",17,17,100
"Pimelodus_maculatus","Area_4","prey_42",17,17,100
"Pimelodus_maculatus","Area_4","prey_43",17,17,100
"Pimelodus_maculatus","Area_4","prey_44",17,17,100
"Pimelodus_maculatus","Area_4","prey_45",17,17,100
"Pimelodus_maculatus","Area_4","prey_46",17,17,100
"Pimelodus_maculatus","Area_4","prey_47",17,17,100
"Pimelodus_maculatus","Area_4","prey_48",17,17,100
"Pimelodus_maculatus","Area_4","prey_49",17,17,100
"Pimelodus_maculatus","Area_4","prey_5",17,17,100
"Pimelodus_maculatus","Area_4","prey_50",17,17,100
"Pimelodus_maculatus","Area_4","prey_51",17,17,100
"Pimelodus_maculatus","Area_4","prey_52",17,17,100
"Pimelodus_maculatus","Area_4","prey_53",17,17,100
"Pimelodus_maculatus","Area_4","prey_54",17,17,100
"Pimelodus_maculatus","Area_4","prey_55",17,17,100
"Pimelodus_maculatus","Area_4","prey_56",17,17,100
"Pimelodus_maculatus","Area_4","prey_57",17,17,100
"Pimelodus_maculatus","Area_4","prey_58",17,17,100
"Pimelodus_maculatus","Area_4","prey_59",17,17,100
"Pimelodus_maculatus","Area_4","prey_6",17,17,100
"Pimelodus_maculatus","Area_4","prey_60",17,17,100
"Pimelodus_maculatus","Area_4","prey_7",17,17,100
"Pimelodus_maculatus","Area_4","prey_8",17,17,100
"Pimelodus_maculatus","Area_4","prey_9",17,17,100
"Prochilodus_lineatus","Area_1","prey_1",25,25,100
"Prochilodus_lineatus","Area_1","prey_10",25,25,100
"Prochilodus_lineatus","Area_1","prey_11",25,25,100
"Prochilodus_lineatus","Area_1","prey_12",25,25,100
"Prochilodus_lineatus","Area_1","prey_13",25,25,100
"Prochilodus_lineatus","Area_1","prey_14",25,25,100
"Prochilodus_lineatus","Area_1","prey_15",25,25,100
"Prochilodus_lineatus","Area_1","prey_16",25,25,100
"Prochilodus_lineatus","Area_1","prey_17",25,25,100
"Prochilodus_lineatus","Area_1","prey_18",25,25,100
"Prochilodus_lineatus","Area_1","prey_19",25,25,100
"Prochilodus_lineatus","Area_1","prey_2",25,25,100
"Prochilodus_lineatus","Area_1","prey_20",25,25,100
"Prochilodus_lineatus","Area_1","prey_21",25,25,100
"Prochilodus_lineatus","Area_1","prey_22",25,25,100
"Prochilodus_lineatus","Area_1","prey_23",25,25,100
"Prochilodus_lineatus","Area_1","prey_24",25,25,100
"Prochilodus_lineatus","Area_1","prey_25",25,25,100
"Prochilodus_lineatus","Area_1","prey_26",25,25,100
"Prochilodus_lineatus","Area_1","prey_27",25,25,100
"Prochilodus_lineatus","Area_1","prey_28",25,25,100
"Prochilodus_lineatus","Area_1","prey_29",25,25,100
"Prochilodus_lineatus","Area_1","prey_3",25,25,100
"Prochilodus_lineatus","Area_1","prey_30",25,25,100
"Prochilodus_lineatus","Area_1","prey_31",25,25,100
"Prochilodus_lineatus","Area_1","prey_32",25,25,100
"Prochilodus_lineatus","Area_1","prey_33",25,25,100
"Prochilodus_lineatus","Area_1","prey_34",25,25,100
"Prochilodus_lineatus","Area_1","prey_35",25,25,100
"Prochilodus_lineatus","Area_1","prey_36",25,25,100
"Prochilodus_lineatus","Area_1","prey_37",25,25,100
"Prochilodus_lineatus","Area_1","prey_38",25,25,100
"Prochilodus_lineatus","Area_1","prey_39",25,25,100
"Prochilodus_lineatus","Area_1","prey_4",25,25,100
"Prochilodus_lineatus","Area_1","prey_40",25,25,100
"Prochilodus_lineatus","Area_1","prey_41",25,25,100
"Prochilodus_lineatus","Area_1","prey_42",25,25,100
"Prochilodus_lineatus","Area_1","prey_43",25,25,100
"Prochilodus_lineatus","Area_1","prey_44",25,25,100
"Prochilodus_lineatus","Area_1","prey_45",25,25,100
"Prochilodus_lineatus","Area_1","prey_46",25,25,100
"Prochilodus_lineatus","Area_1","prey_47",25,25,100
"Prochilodus_lineatus","Area_1","prey_48",25,25,100
"Prochilodus_lineatus","Area_1","prey_49",25,25,100
"Prochilodus_lineatus","Area_1","prey_5",25,25,100
"Prochilodus_lineatus","Area_1","prey_50",25,25,100
"Prochilodus_lineatus","Area_1","prey_51",25,25,100
"Prochilodus_lineatus","Area_1","prey_52",25,25,100
"Prochilodus_lineatus","Area_1","prey_53",25,25,100
"Prochilodus_lineatus","Area_1","prey_54",25,25,100
"Prochilodus_lineatus","Area_1","prey_55",25,25,100
"Prochilodus_lineatus","Area_1","prey_56",25,25,100
"Prochilodus_lineatus","Area_1","prey_57",25,25,100
"Prochilodus_lineatus","Area_1","prey_58",25,25,100
"Prochilodus_lineatus","Area_1","prey_59",25,25,100
"Prochilodus_lineatus","Area_1","prey_6",25,25,100
"Prochilodus_lineatus","Area_1","prey_60",25,25,100
"Prochilodus_lineatus","Area_1","prey_7",25,25,100
"Prochilodus_lineatus","Area_1","prey_8",25,25,100
"Prochilodus_lineatus","Area_1","prey_9",25,25,100
"Prochilodus_lineatus","Area_2","prey_1",26,26,100
"Prochilodus_lineatus","Area_2","prey_10",26,26,100
"Prochilodus_lineatus","Area_2","prey_11",26,26,100
"Prochilodus_lineatus","Area_2","prey_12",26,26,100
"Prochilodus_lineatus","Area_2","prey_13",26,26,100
"Prochilodus_lineatus","Area_2","prey_14",26,26,100
"Prochilodus_lineatus","Area_2","prey_15",26,26,100
"Prochilodus_lineatus","Area_2","prey_16",26,26,100
"Prochilodus_lineatus","Area_2","prey_17",26,26,100
"Prochilodus_lineatus","Area_2","prey_18",26,26,100
"Prochilodus_lineatus","Area_2","prey_19",26,26,100
"Prochilodus_lineatus","Area_2","prey_2",26,26,100
"Prochilodus_lineatus","Area_2","prey_20",26,26,100
"Prochilodus_lineatus","Area_2","prey_21",26,26,100
"Prochilodus_lineatus","Area_2","prey_22",26,26,100
"Prochilodus_lineatus","Area_2","prey_23",26,26,100
"Prochilodus_lineatus","Area_2","prey_24",26,26,100
"Prochilodus_lineatus","Area_2","prey_25",26,26,100
"Prochilodus_lineatus","Area_2","prey_26",26,26,100
"Prochilodus_lineatus","Area_2","prey_27",26,26,100
"Prochilodus_lineatus","Area_2","prey_28",26,26,100
"Prochilodus_lineatus","Area_2","prey_29",26,26,100
"Prochilodus_lineatus","Area_2","prey_3",26,26,100
"Prochilodus_lineatus","Area_2","prey_30",26,26,100
"Prochilodus_lineatus","Area_2","prey_31",26,26,100
"Prochilodus_lineatus","Area_2","prey_32",26,26,100
"Prochilodus_lineatus","Area_2","prey_33",26,26,100
"Prochilodus_lineatus","Area_2","prey_34",26,26,100
"Prochilodus_lineatus","Area_2","prey_35",26,26,100
"Prochilodus_lineatus","Area_2","prey_36",26,26,100
"Prochilodus_lineatus","Area_2","prey_37",26,26,100
"Prochilodus_lineatus","Area_2","prey_38",26,26,100
"Prochilodus_lineatus","Area_2","prey_39",26,26,100
"Prochilodus_lineatus","Area_2","prey_4",26,26,100
"Prochilodus_lineatus","Area_2","prey_40",26,26,100
"Prochilodus_lineatus","Area_2","prey_41",26,26,100
"Prochilodus_lineatus","Area_2","prey_42",26,26,100
"Prochilodus_lineatus","Area_2","prey_43",26,26,100
"Prochilodus_lineatus","Area_2","prey_44",26,26,100
"Prochilodus_lineatus","Area_2","prey_45",26,26,100
"Prochilodus_lineatus","Area_2","prey_46",26,26,100
"Prochilodus_lineatus","Area_2","prey_47",26,26,100
"Prochilodus_lineatus","Area_2","prey_48",26,26,100
"Prochilodus_lineatus","Area_2","prey_49",26,26,100
"Prochilodus_lineatus","Area_2","prey_5",26,26,100
"Prochilodus_lineatus","Area_2","prey_50",26,26,100
"Prochilodus_lineatus","Area_2","prey_51",26,26,100
"Prochilodus_lineatus","Area_2","prey_52",26,26,100
"Prochilodus_lineatus","Area_2","prey_53",26,26,100
"Prochilodus_lineatus","Area_2","prey_54",26,26,100
"Prochilodus_lineatus","Area_2","prey_55",26,26,100
"Prochilodus_lineatus","Area_2","prey_56",26,26,100
"Prochilodus_lineatus","Area_2","prey_57",26,26,100
"Prochilodus_lineatus","Area_2","prey_58",26,26,100
"Prochilodus_lineatus","Area_2","prey_59",26,26,100
"Prochilodus_lineatus","Area_2","prey_6",26,26,100
"Prochilodus_lineatus","Area_2","prey_60",26,26,100
"Prochilodus_lineatus","Area_2","prey_7",26,26,100
"Prochilodus_lineatus","Area_2","prey_8",26,26,100
"Prochilodus_lineatus","Area_2","prey_9",26,26,100
"Prochilodus_lineatus","Area_3","prey_1",29,29,100
"Prochilodus_lineatus","Area_3","prey_10",29,29,100
"Prochilodus_lineatus","Area_3","prey_11",29,29,100
"Prochilodus_lineatus","Area_3","prey_12",29,29,100
"Prochilodus_lineatus","Area_3","prey_13",29,29,100
"Prochilodus_lineatus","Area_3","prey_14",29,29,100
"Prochilodus_lineatus","Area_3","prey_15",29,29,100
"Prochilodus_lineatus","Area_3","prey_16",29,29,100
"Prochilodus_lineatus","Area_3","prey_17",29,29,100
"Prochilodus_lineatus","Area_3","prey_18",29,29,100
"Prochilodus_lineatus","Area_3","prey_19",29,29,100
"Prochilodus_lineatus","Area_3","prey_2",29,29,100
"Prochilodus_lineatus","Area_3","prey_20",29,29,100
"Prochilodus_lineatus","Area_3","prey_21",29,29,100
"Prochilodus_lineatus","Area_3","prey_22",29,29,100
"Prochilodus_lineatus","Area_3","prey_23",29,29,100
"Prochilodus_lineatus","Area_3","prey_24",29,29,100
"Prochilodus_lineatus","Area_3","prey_25",29,29,100
"Prochilodus_lineatus","Area_3","prey_26",29,29,100
"Prochilodus_lineatus","Area_3","prey_27",29,29,100
"Prochilodus_lineatus","Area_3","prey_28",29,29,100
"Prochilodus_lineatus","Area_3","prey_29",29,29,100
"Prochilodus_lineatus","Area_3","prey_3",29,29,100
"Prochilodus_lineatus","Area_3","prey_30",29,29,100
"Prochilodus_lineatus","Area_3","prey_31",29,29,100
"Prochilodus_lineatus","Area_3","prey_32",29,29,100
"Prochilodus_lineatus","Area_3","prey_33",29,29,100
"Prochilodus_lineatus","Area_3","prey_34",29,29,100
"Prochilodus_lineatus","Area_3","prey_35",29,29,100
"Prochilodus_lineatus","Area_3","prey_36",29,29,100
"Prochilodus_lineatus","Area_3","prey_37",29,29,100
"Prochilodus_lineatus","Area_3","prey_38",29,29,100
"Prochilodus_lineatus","Area_3","prey_39",29,29,100
"Prochilodus_lineatus","Area_3","prey_4",29,29,100
"Prochilodus_lineatus","Area_3","prey_40",29,29,100
"Prochilodus_lineatus","Area_3","prey_41",29,29,100
"Prochilodus_lineatus","Area_3","prey_42",29,29,100
"Prochilodus_lineatus","Area_3","prey_43",29,29,100
"Prochilodus_lineatus","Area_3","prey_44",29,29,100
"Prochilodus_lineatus","Area_3","prey_45",29,29,100
"Prochilodus_lineatus","Area_3","prey_46",29,29,100
"Prochilodus_lineatus","Area_3","prey_47",29,29,100
"Prochilodus_lineatus","Area_3","prey_48",29,29,100
"Prochilodus_lineatus","Area_3","prey_49",29,29,100
"Prochilodus_lineatus","Area_3","prey_5",29,29,100
"Prochilodus_lineatus","Area_3","prey_50",29,29,100
"Prochilodus_lineatus","Area_3","prey_51",29,29,100
"Prochilodus_lineatus","Area_3","prey_52",29,29,100
"Prochilodus_lineatus","Area_3","prey_53",29,29,100
"Prochilodus_lineatus","Area_3","prey_54",29,29,100
"Prochilodus_lineatus","Area_3","prey_55",29,29,100
"Prochilodus_lineatus","Area_3","prey_56",29,29,100
"Prochilodus_lineatus","Area_3","prey_57",29,29,100
"Prochilodus_lineatus","Area_3","prey_58",29,29,100
"Prochilodus_lineatus","Area_3","prey_59",29,29,100
"Prochilodus_lineatus","Area_3","prey_6",29,29,100
"Prochilodus_lineatus","Area_3","prey_60",29,29,100
"Prochilodus_lineatus","Area_3","prey_7",29,29,100
"Prochilodus_lineatus","Area_3","prey_8",29,29,100
"Prochilodus_lineatus","Area_3","prey_9",29,29,100
"Prochilodus_lineatus","Area_4","prey_1",19,19,100
"Prochilodus_lineatus","Area_4","prey_10",19,19,100
"Prochilodus_lineatus","Area_4","prey_11",19,19,100
"Prochilodus_lineatus","Area_4","prey_12",19,19,100
"Prochilodus_lineatus","Area_4","prey_13",19,19,100
"Prochilodus_lineatus","Area_4","prey_14",19,19,100
"Prochilodus_lineatus","Area_4","prey_15",19,19,100
"Prochilodus_lineatus","Area_4","prey_16",19,19,100
"Prochilodus_lineatus","Area_4","prey_17",19,19,100
"Prochilodus_lineatus","Area_4","prey_18",19,19,100
"Prochilodus_lineatus","Area_4","prey_19",19,19,100
"Prochilodus_lineatus","Area_4","prey_2",19,19,100
"Prochilodus_lineatus","Area_4","prey_20",19,19,100
"Prochilodus_lineatus","Area_4","prey_21",19,19,100
"Prochilodus_lineatus","Area_4","prey_22",19,19,100
"Prochilodus_lineatus","Area_4","prey_23",19,19,100
"Prochilodus_lineatus","Area_4","prey_24",19,19,100
"Prochilodus_lineatus","Area_4","prey_25",19,19,100
"Prochilodus_lineatus","Area_4","prey_26",19,19,100
"Prochilodus_lineatus","Area_4","prey_27",19,19,100
"Prochilodus_lineatus","Area_4","prey_28",19,19,100
"Prochilodus_lineatus","Area_4","prey_29",19,19,100
"Prochilodus_lineatus","Area_4","prey_3",19,19,100
"Prochilodus_lineatus","Area_4","prey_30",19,19,100
"Prochilodus_lineatus","Area_4","prey_31",19,19,100
"Prochilodus_lineatus","Area_4","prey_32",19,19,100
"Prochilodus_lineatus","Area_4","prey_33",19,19,100
"Prochilodus_lineatus","Area_4","prey_34",19,19,100
"Prochilodus_lineatus","Area_4","prey_35",19,19,100
"Prochilodus_lineatus","Area_4","prey_36",19,19,100
"Prochilodus_lineatus","Area_4","prey_37",19,19,100
"Prochilodus_lineatus","Area_4","prey_38",19,19,100
"Prochilodus_lineatus","Area_4","prey_39",19,19,100
"Prochilodus_lineatus","Area_4","prey_4",19,19,100
"Prochilodus_lineatus","Area_4","prey_40",19,19,100
"Prochilodus_lineatus","Area_4","prey_41",19,19,100
"Prochilodus_lineatus","Area_4","prey_42",19,19,100
"Prochilodus_lineatus","Area_4","prey_43",19,19,100
"Prochilodus_lineatus","Area_4","prey_44",19,19,100
"Prochilodus_lineatus","Area_4","prey_45",19,19,100
"Prochilodus_lineatus","Area_4","prey_46",19,19,100
"Prochilodus_lineatus","Area_4","prey_47",19,19,100
"Prochilodus_lineatus","Area_4","prey_48",19,19,100
"Prochilodus_lineatus","Area_4","prey_49",19,19,100
"Prochilodus_lineatus","Area_4","prey_5",19,19,100
"Prochilodus_lineatus","Area_4","prey_50",19,19,100
"Prochilodus_lineatus","Area_4","prey_51",19,19,100
"Prochilodus_lineatus","Area_4","prey_52",19,19,100
"Prochilodus_lineatus","Area_4","prey_53",19,19,100
"Prochilodus_lineatus","Area_4","prey_54",19,19,100
"Prochilodus_lineatus","Area_4","prey_55",19,19,100
"Prochilodus_lineatus","Area_4","prey_56",19,19,100
"Prochilodus_lineatus","Area_4","prey_57",19,19,100
"Prochilodus_lineatus","Area_4","prey_58",19,19,100
"Prochilodus_lineatus","Area_4","prey_59",19,19,100
"Prochilodus_lineatus","Area_4","prey_6",19,19,100
"Prochilodus_lineatus","Area_4","prey_60",19,19,100
"Prochilodus_lineatus","Area_4","prey_7",19,19,100
"Prochilodus_lineatus","Area_4","prey_8",19,19,100
"Prochilodus_lineatus","Area_4","prey_9",19,19,100
"Rhamdia_quelen","Area_1","prey_1",30,30,100
"Rhamdia_quelen","Area_1","prey_10",30,30,100
"Rhamdia_quelen","Area_1","prey_11",30,30,100
"Rhamdia_quelen","Area_1","prey_12",30,30,100
"Rhamdia_quelen","Area_1","prey_13",30,30,100
"Rhamdia_quelen","Area_1","prey_14",30,30,100
"Rhamdia_quelen","Area_1","prey_15",30,30,100
"Rhamdia_quelen","Area_1","prey_16",30,30,100
"Rhamdia_quelen","Area_1","prey_17",30,30,100
"Rhamdia_quelen","Area_1","prey_18",30,30,100
"Rhamdia_quelen","Area_1","prey_19",30,30,100
"Rhamdia_quelen","Area_1","prey_2",30,30,100
"Rhamdia_quelen","Area_1","prey_20",30,30,100
"Rhamdia_quelen","Area_1","prey_21",30,30,100
"Rhamdia_quelen","Area_1","prey_22",30,30,100
"Rhamdia_quelen","Area_1","prey_23",30,30,100
"Rhamdia_quelen","Area_1","prey_24",30,30,100
"Rhamdia_quelen","Area_1","prey_25",30,30,100
"Rhamdia_quelen","Area_1","prey_26",30,30,100
"Rhamdia_quelen","Area_1","prey_27",30,30,100
"Rhamdia_quelen","Area_1","prey_28",30,30,100
"Rhamdia_quelen","Area_1","prey_29",30,30,100
"Rhamdia_quelen","Area_1","prey_3",30,30,100
"Rhamdia_quelen","Area_1","prey_30",30,30,100
"Rhamdia_quelen","Area_1","prey_31",30,30,100
"Rhamdia_quelen","Area_1","prey_32",30,30,100
"Rhamdia_quelen","Area_1","prey_33",30,30,100
"Rhamdia_quelen","Area_1","prey_34",30,30,100
"Rhamdia_quelen","Area_1","prey_35",30,30,100
"Rhamdia_quelen","Area_1","prey_36",30,30,100
"Rhamdia_quelen","Area_1","prey_37",30,30,100
"Rhamdia_quelen","Area_1","prey_38",30,30,100
"Rhamdia_quelen","Area_1","prey_39",30,30,100
"Rhamdia_quelen","Area_1","prey_4",30,30,100
"Rhamdia_quelen","Area_1","prey_40",30,30,100
"Rhamdia_quelen","Area_1","prey_41",30,30,100
"Rhamdia_quelen","Area_1","prey_42",30,30,100
"Rhamdia_quelen","Area_1","prey_43",30,30,100
"Rhamdia_quelen","Area_1","prey_44",30,30,100
"Rhamdia_quelen","Area_1","prey_45",30,30,100
"Rhamdia_quelen","Area_1","prey_46",30,30,100
"Rhamdia_quelen","Area_1","prey_47",30,30,100
"Rhamdia_quelen","Area_1","prey_48",30,30,100
"Rhamdia_quelen","Area_1","prey_49",30,30,100
"Rhamdia_quelen","Area_1","prey_5",30,30,100
"Rhamdia_quelen","Area_1","prey_50",30,30,100
"Rhamdia_quelen","Area_1","prey_51",30,30,100
"Rhamdia_quelen","Area_1","prey_52",30,30,100
"Rhamdia_quelen","Area_1","prey_53",30,30,100
"Rhamdia_quelen","Area_1","prey_54",30,30,100
"Rhamdia_quelen","Area_1","prey_55",30,30,100
"Rhamdia_quelen","Area_1","prey_56",30,30,100
"Rhamdia_quelen","Area_1","prey_57",30,30,100
"Rhamdia_quelen","Area_1","prey_58",30,30,100
"Rhamdia_quelen","Area_1","prey_59",30,30,100
"Rhamdia_quelen","Area_1","prey_6",30,30,100
"Rhamdia_quelen","Area_1","prey_60",30,30,100
"Rhamdia_quelen","Area_1","prey_7",30,30,100
"Rhamdia_quelen","Area_1","prey_8",30,30,100
"Rhamdia_quelen","Area_1","prey_9",30,30,100
"Rhamdia_quelen","Area_2","prey_1",26,26,100
"Rhamdia_quelen","Area_2","prey_10",26,26,100
"Rhamdia_quelen","Area_2","prey_11",26,26,100
"Rhamdia_quelen","Area_2","prey_12",26,26,100
"Rhamdia_quelen","Area_2","prey_13",26,26,100
"Rhamdia_quelen","Area_2","prey_14",26,26,100
"Rhamdia_quelen","Area_2","prey_15",26,26,100
"Rhamdia_quelen","Area_2","prey_16",26,26,100
"Rhamdia_quelen","Area_2","prey_17",26,26,100
"Rhamdia_quelen","Area_2","prey_18",26,26,100
"Rhamdia_quelen","Area_2","prey_19",26,26,100
"Rhamdia_quelen","Area_2","prey_2",26,26,100
"Rhamdia_quelen","Area_2","prey_20",26,26,100
"Rhamdia_quelen","Area_2","prey_21",26,26,100
"Rhamdia_quelen","Area_2","prey_22",26,26,100
"Rhamdia_quelen","Area_2","prey_23",26,26,100
"Rhamdia_quelen","Area_2","prey_24",26,26,100
"Rhamdia_quelen","Area_2","prey_25",26,26,100
"Rhamdia_quelen","Area_2","prey_26",26,26,100
"Rhamdia_quelen","Area_2","prey_27",26,26,100
"Rhamdia_quelen","Area_2","prey_28",26,26,100
"Rhamdia_quelen","Area_2","prey_29",26,26,100
"Rhamdia_quelen","Area_2","prey_3",26,26,100
"Rhamdia_quelen","Area_2","prey_30",26,26,100
"Rhamdia_quelen","Area_2","prey_31",26,26,100
"Rhamdia_quelen","Area_2","prey_32",26,26,100
"Rhamdia_quelen","Area_2","prey_33",26,26,100
"Rhamdia_quelen","Area_2","prey_34",26,26,100
"Rhamdia_quelen","Area_2","prey_35",26,26,100
"Rhamdia_quelen","Area_2","prey_36",26,26,100
"Rhamdia_quelen","Area_2","prey_37",26,26,100
"Rhamdia_quelen","Area_2","prey_38",26,26,100
"Rhamdia_quelen","Area_2","prey_39",26,26,100
"Rhamdia_quelen","Area_2","prey_4",26,26,100
"Rhamdia_quelen","Area_2","prey_40",26,26,100
"Rhamdia_quelen","Area_2","prey_41",26,26,100
"Rhamdia_quelen","Area_2","prey_42",26,26,100
"Rhamdia_quelen","Area_2","prey_43",26,26,100
"Rhamdia_quelen","Area_2","prey_44",26,26,100
"Rhamdia_quelen","Area_2","prey_45",26,26,100
"Rhamdia_quelen","Area_2","prey_46",26,26,100
"Rhamdia_quelen","Area_2","prey_47",26,26,100
"Rhamdia_quelen","Area_2","prey_48",26,26,100
"Rhamdia_quelen","Area_2","prey_49",26,26,100
"Rhamdia_quelen","Area_2","prey_5",26,26,100
"Rhamdia_quelen","Area_2","prey_50",26,26,100
"Rhamdia_quelen","Area_2","prey_51",26,26,100
"Rhamdia_quelen","Area_2","prey_52",26,26,100
"Rhamdia_quelen","Area_2","prey_53",26,26,100
"Rhamdia_quelen","Area_2","prey_54",26,26,100
"Rhamdia_quelen","Area_2","prey_55",26,26,100
"Rhamdia_quelen","Area_2","prey_56",26,26,100
"Rhamdia_quelen","Area_2","prey_57",26,26,100
"Rhamdia_quelen","Area_2","prey_58",26,26,100
"Rhamdia_quelen","Area_2","prey_59",26,26,100
"Rhamdia_quelen","Area_2","prey_6",26,26,100
"Rhamdia_quelen","Area_2","prey_60",26,26,100
"Rhamdia_quelen","Area_2","prey_7",26,26,100
"Rhamdia_quelen","Area_2","prey_8",26,26,100
"Rhamdia_quelen","Area_2","prey_9",26,26,100
"Rhamdia_quelen","Area_3","prey_1",20,20,100
"Rhamdia_quelen","Area_3","prey_10",20,20,100
"Rhamdia_quelen","Area_3","prey_11",20,20,100
"Rhamdia_quelen","Area_3","prey_12",20,20,100
"Rhamdia_quelen","Area_3","prey_13",20,20,100
"Rhamdia_quelen","Area_3","prey_14",20,20,100
"Rhamdia_quelen","Area_3","prey_15",20,20,100
"Rhamdia_quelen","Area_3","prey_16",20,20,100
"Rhamdia_quelen","Area_3","prey_17",20,20,100
"Rhamdia_quelen","Area_3","prey_18",20,20,100
"Rhamdia_quelen","Area_3","prey_19",20,20,100
"Rhamdia_quelen","Area_3","prey_2",20,20,100
"Rhamdia_quelen","Area_3","prey_20",20,20,100
"Rhamdia_quelen","Area_3","prey_21",20,20,100
"Rhamdia_quelen","Area_3","prey_22",20,20,100
"Rhamdia_quelen","Area_3","prey_23",20,20,100
"Rhamdia_quelen","Area_3","prey_24",20,20,100
"Rhamdia_quelen","Area_3","prey_25",20,20,100
"Rhamdia_quelen","Area_3","prey_26",20,20,100
"Rhamdia_quelen","Area_3","prey_27",20,20,100
"Rhamdia_quelen","Area_3","prey_28",20,20,100
"Rhamdia_quelen","Area_3","prey_29",20,20,100
"Rhamdia_quelen","Area_3","prey_3",20,20,100
"Rhamdia_quelen","Area_3","prey_30",20,20,100
"Rhamdia_quelen","Area_3","prey_31",20,20,100
"Rhamdia_quelen","Area_3","prey_32",20,20,100
"Rhamdia_quelen","Area_3","prey_33",20,20,100
"Rhamdia_quelen","Area_3","prey_34",20,20,100
"Rhamdia_quelen","Area_3","prey_35",20,20,100
"Rhamdia_quelen","Area_3","prey_36",20,20,100
"Rhamdia_quelen","Area_3","prey_37",20,20,100
"Rhamdia_quelen","Area_3","prey_38",20,20,100
"Rhamdia_quelen","Area_3","prey_39",20,20,100
"Rhamdia_quelen","Area_3","prey_4",20,20,100
"Rhamdia_quelen","Area_3","prey_40",20,20,100
"Rhamdia_quelen","Area_3","prey_41",20,20,100
"Rhamdia_quelen","Area_3","prey_42",20,20,100
"Rhamdia_quelen","Area_3","prey_43",20,20,100
"Rhamdia_quelen","Area_3","prey_44",20,20,100
"Rhamdia_quelen","Area_3","prey_45",20,20,100
"Rhamdia_quelen","Area_3","prey_46",20,20,100
"Rhamdia_quelen","Area_3","prey_47",20,20,100
"Rhamdia_quelen","Area_3","prey_48",20,20,100
"Rhamdia_quelen","Area_3","prey_49",20,20,100
"Rhamdia_quelen","Area_3","prey_5",20,20,100
"Rhamdia_quelen","Area_3","prey_50",20,20,100
"Rhamdia_quelen","Area_3","prey_51",20,20,100
"Rhamdia_quelen","Area_3","prey_52",20,20,100
"Rhamdia_quelen","Area_3","prey_53",20,20,100
"Rhamdia_quelen","Area_3","prey_54",20,20,100
"Rhamdia_quelen","Area_3","prey_55",20,20,100
"Rhamdia_quelen","Area_3","prey_56",20,20,100
"Rhamdia_quelen","Area_3","prey_57",20,20,100
"Rhamdia_quelen","Area_3","prey_58",20,20,100
"Rhamdia_quelen","Area_3","prey_59",20,20,100
"Rhamdia_quelen","Area_3","prey_6",20,20,100
"Rhamdia_quelen","Area_3","prey_60",20,20,100
"Rhamdia_quelen","Area_3","prey_7",20,20,100
"Rhamdia_quelen","Area_3","prey_8",20,20,100
"Rhamdia_quelen","Area_3","prey_9",20,20,100
"Rhamdia_quelen","Area_4","prey_1",27,27,100
"Rhamdia_quelen","Area_4","prey_10",27,27,100
"Rhamdia_quelen","Area_4","prey_11",27,27,100
"Rhamdia_quelen","Area_4","prey_12",27,27,100
"Rhamdia_quelen","Area_4","prey_13",27,27,100
"Rhamdia_quelen","Area_4","prey_14",27,27,100
"Rhamdia_quelen","Area_4","prey_15",27,27,100
"Rhamdia_quelen","Area_4","prey_16",27,27,100
"Rhamdia_quelen","Area_4","prey_17",27,27,100
"Rhamdia_quelen","Area_4","prey_18",27,27,100
"Rhamdia_quelen","Area_4","prey_19",27,27,100
"Rhamdia_quelen","Area_4","prey_2",27,27,100
"Rhamdia_quelen","Area_4","prey_20",27,27,100
"Rhamdia_quelen","Area_4","prey_21",27,27,100
"Rhamdia_quelen","Area_4","prey_22",27,27,100
"Rhamdia_quelen","Area_4","prey_23",27,27,100
"Rhamdia_quelen","Area_4","prey_24",27,27,100
"Rhamdia_quelen","Area_4","prey_25",27,27,100
"Rhamdia_quelen","Area_4","prey_26",27,27,100
"Rhamdia_quelen","Area_4","prey_27",27,27,100
"Rhamdia_quelen","Area_4","prey_28",27,27,100
"Rhamdia_quelen","Area_4","prey_29",27,27,100
"Rhamdia_quelen","Area_4","prey_3",27,27,100
"Rhamdia_quelen","Area_4","prey_30",27,27,100
"Rhamdia_quelen","Area_4","prey_31",27,27,100
"Rhamdia_quelen","Area_4","prey_32",27,27,100
"Rhamdia_quelen","Area_4","prey_33",27,27,100
"Rhamdia_quelen","Area_4","prey_34",27,27,100
"Rhamdia_quelen","Area_4","prey_35",27,27,100
"Rhamdia_quelen","Area_4","prey_36",27,27,100
"Rhamdia_quelen","Area_4","prey_37",27,27,100
"Rhamdia_quelen","Area_4","prey_38",27,27,100
"Rhamdia_quelen","Area_4","prey_39",27,27,100
"Rhamdia_quelen","Area_4","prey_4",27,27,100
"Rhamdia_quelen","Area_4","prey_40",27,27,100
"Rhamdia_quelen","Area_4","prey_41",27,27,100
"Rhamdia_quelen","Area_4","prey_42",27,27,100
"Rhamdia_quelen","Area_4","prey_43",27,27,100
"Rhamdia_quelen","Area_4","prey_44",27,27,100
"Rhamdia_quelen","Area_4","prey_45",27,27,100
"Rhamdia_quelen","Area_4","prey_46",27,27,100
"Rhamdia_quelen","Area_4","prey_47",27,27,100
"Rhamdia_quelen","Area_4","prey_48",27,27,100
"Rhamdia_quelen","Area_4","prey_49",27,27,100
"Rhamdia_quelen","Area_4","prey_5",27,27,100
"Rhamdia_quelen","Area_4","prey_50",27,27,100
"Rhamdia_quelen","Area_4","prey_51",27,27,100
"Rhamdia_quelen","Area_4","prey_52",27,27,100
"Rhamdia_quelen","Area_4","prey_53",27,27,100
"Rhamdia_quelen","Area_4","prey_54",27,27,100
"Rhamdia_quelen","Area_4","prey_55",27,27,100
"Rhamdia_quelen","Area_4","prey_56",27,27,100
"Rhamdia_quelen","Area_4","prey_57",27,27,100
"Rhamdia_quelen","Area_4","prey_58",27,27,100
"Rhamdia_quelen","Area_4","prey_59",27,27,100
"Rhamdia_quelen","Area_4","prey_6",27,27,100
"Rhamdia_quelen","Area_4","prey_60",27,27,100
"Rhamdia_quelen","Area_4","prey_7",27,27,100
"Rhamdia_quelen","Area_4","prey_8",27,27,100
"Rhamdia_quelen","Area_4","prey_9",27,27,100
