sampling_area,month,region,habitat,season,sex,class,species,unique_id
Area_07,decembre,montain,sky,Winter,M,J-3,Astyanax_fasciatus,F0001
Area_07,juin,valley,river,Winter,M,M-6,Prochilodus_lineatus,F0002
Area_03,mai,montain,river,Winter,M,K-4,Rhamdia_quelen,F0003
Area_06,septembre,montain,river,Winter,M,H-1,Pimelodus_maculatus,F0004
Area_03,avril,pothole,marine,Winter,F,J-3,Leporinus_friderici,F0005
Area_02,mars,montain,estuary,Autumn,M,J-3,Prochilodus_lineatus,F0006
Area_02,juillet,pothole,sky,Spring,F,J-3,Hoplias_malabaricus,F0007
Area_06,avril,pothole,lake,Spring,F,J-3,Hoplias_malabaricus,F0008
Area_03,mai,pothole,fast-stream,Winter,F,N-7,Leporinus_friderici,F0009
Area_05,aout,montain,marine,Summer,M,I-2,Cichla_ocellaris,F0010
Area_04,juillet,pothole,lake,Autumn,F,K-4,Hoplias_malabaricus,F0011
Area_06,decembre,montain,sky,Autumn,F,I-2,Cichla_ocellaris,F0012
Area_06,decembre,plains,river,Summer,M,I-2,Rhamdia_quelen,F0013
Area_01,aout,pothole,estuary,Spring,M,N-7,Geophagus_brasiliensis,F0014
Area_02,juin,valley,sky,Autumn,F,I-2,Cichla_ocellaris,F0015
Area_03,aout,valley,river,Spring,F,M-6,Leporinus_friderici,F0016
Area_08,novembre,montain,lake,Winter,M,I-2,Leporinus_friderici,F0017
Area_05,juillet,pothole,estuary,Summer,F,L-5,Prochilodus_lineatus,F0018
Area_03,novembre,pothole,sky,Winter,F,I-2,Leporinus_friderici,F0019
Area_03,decembre,montain,sky,Spring,F,L-5,Geophagus_brasiliensis,F0020
Area_01,janvier,valley,estuary,Spring,M,K-4,Leporinus_friderici,F0021
Area_04,juin,plains,fast-stream,Spring,F,H-1,Geophagus_brasiliensis,F0022
Area_01,decembre,pothole,fast-stream,Spring,F,N-7,Rhamdia_quelen,F0023
Area_01,octobre,montain,fast-stream,Winter,F,M-6,Rhamdia_quelen,F0024
Area_05,juin,valley,slow-stream,Spring,M,N-7,Geophagus_brasiliensis,F0025
Area_03,octobre,pothole,slow-stream,Winter,F,L-5,Pimelodus_maculatus,F0026
Area_08,avril,plains,river,Autumn,M,L-5,Hoplias_malabaricus,F0027
Area_02,septembre,plains,estuary,Autumn,F,K-4,Hoplias_malabaricus,F0028
Area_07,septembre,valley,marine,Summer,M,L-5,Prochilodus_lineatus,F0029
Area_02,octobre,plains,estuary,Winter,F,J-3,Pimelodus_maculatus,F0030
Area_01,avril,pothole,sky,Autumn,F,M-6,Pimelodus_maculatus,F0031
Area_06,mai,montain,sky,Autumn,M,N-7,Cichla_ocellaris,F0032
Area_03,novembre,montain,marine,Winter,M,I-2,Astyanax_fasciatus,F0033
Area_04,septembre,montain,fast-stream,Autumn,F,L-5,Pimelodus_maculatus,F0034
Area_06,mars,montain,marine,Winter,M,L-5,Rhamdia_quelen,F0035
Area_01,mars,montain,marine,Summer,F,J-3,Leporinus_friderici,F0036
Area_03,fevrier,plains,fast-stream,Autumn,M,J-3,Rhamdia_quelen,F0037
Area_07,juillet,pothole,fast-stream,Spring,M,H-1,Astyanax_fasciatus,F0038
Area_05,decembre,montain,river,Spring,F,N-7,Pimelodus_maculatus,F0039
Area_04,janvier,valley,estuary,Winter,F,N-7,Rhamdia_quelen,F0040
Area_07,mars,montain,sky,Summer,M,M-6,Leporinus_friderici,F0041
Area_08,juillet,valley,slow-stream,Autumn,M,L-5,Cichla_ocellaris,F0042
Area_02,fevrier,pothole,slow-stream,Spring,F,H-1,Leporinus_friderici,F0043
Area_05,septembre,pothole,estuary,Autumn,M,M-6,Astyanax_fasciatus,F0044
Area_07,mai,plains,marine,Winter,M,K-4,Hoplias_malabaricus,F0045
Area_01,janvier,valley,lake,Spring,M,J-3,Prochilodus_lineatus,F0046
Area_01,octobre,pothole,marine,Summer,M,N-7,Rhamdia_quelen,F0047
Area_02,septembre,montain,lake,Autumn,M,K-4,Prochilodus_lineatus,F0048
Area_07,septembre,valley,sky,Winter,M,M-6,Astyanax_fasciatus,F0049
Area_03,juillet,plains,fast-stream,Spring,M,M-6,Rhamdia_quelen,F0050
Area_04,fevrier,montain,river,Autumn,F,L-5,Leporinus_friderici,F0051
Area_05,decembre,valley,estuary,Spring,F,K-4,Geophagus_brasiliensis,F0052
Area_07,aout,plains,slow-stream,Summer,F,N-7,Geophagus_brasiliensis,F0053
Area_05,juillet,valley,sky,Spring,F,K-4,Geophagus_brasiliensis,F0054
Area_03,juin,valley,fast-stream,Winter,F,K-4,Cichla_ocellaris,F0055
Area_08,juillet,plains,marine,Autumn,F,J-3,Astyanax_fasciatus,F0056
Area_06,octobre,montain,fast-stream,Spring,F,N-7,Prochilodus_lineatus,F0057
Area_01,fevrier,pothole,slow-stream,Autumn,F,I-2,Prochilodus_lineatus,F0058
Area_02,fevrier,montain,river,Summer,F,M-6,Geophagus_brasiliensis,F0059
Area_05,decembre,montain,estuary,Autumn,F,K-4,Geophagus_brasiliensis,F0060
Area_05,mai,plains,sky,Spring,F,K-4,Leporinus_friderici,F0061
Area_08,juillet,pothole,marine,Winter,M,N-7,Rhamdia_quelen,F0062
Area_04,octobre,montain,estuary,Spring,F,I-2,Leporinus_friderici,F0063
Area_07,novembre,plains,slow-stream,Autumn,M,J-3,Rhamdia_quelen,F0064
Area_05,septembre,montain,river,Spring,F,K-4,Rhamdia_quelen,F0065
Area_02,juillet,plains,river,Spring,M,K-4,Prochilodus_lineatus,F0066
Area_01,juin,pothole,marine,Autumn,M,J-3,Prochilodus_lineatus,F0067
Area_01,avril,valley,marine,Winter,F,H-1,Cichla_ocellaris,F0068
Area_03,mars,valley,river,Spring,M,M-6,Hoplias_malabaricus,F0069
Area_01,novembre,valley,estuary,Spring,F,L-5,Leporinus_friderici,F0070
Area_06,mars,pothole,marine,Autumn,F,I-2,Astyanax_fasciatus,F0071
Area_05,octobre,montain,estuary,Winter,M,M-6,Astyanax_fasciatus,F0072
Area_07,decembre,montain,river,Summer,F,N-7,Geophagus_brasiliensis,F0073
Area_01,decembre,plains,marine,Winter,F,J-3,Pimelodus_maculatus,F0074
Area_07,fevrier,montain,estuary,Winter,F,K-4,Hoplias_malabaricus,F0075
Area_02,mars,plains,fast-stream,Autumn,F,I-2,Pimelodus_maculatus,F0076
Area_04,janvier,montain,estuary,Summer,F,L-5,Geophagus_brasiliensis,F0077
Area_07,decembre,montain,marine,Spring,F,K-4,Hoplias_malabaricus,F0078
Area_08,janvier,montain,marine,Winter,F,N-7,Pimelodus_maculatus,F0079
Area_04,janvier,plains,sky,Winter,M,M-6,Hoplias_malabaricus,F0080
Area_06,avril,plains,estuary,Winter,M,N-7,Geophagus_brasiliensis,F0081
Area_06,mars,pothole,fast-stream,Winter,M,H-1,Cichla_ocellaris,F0082
Area_03,fevrier,pothole,sky,Summer,F,K-4,Hoplias_malabaricus,F0083
Area_08,juillet,pothole,river,Winter,F,I-2,Cichla_ocellaris,F0084
Area_06,fevrier,valley,marine,Summer,F,I-2,Prochilodus_lineatus,F0085
Area_06,decembre,pothole,marine,Spring,M,H-1,Hoplias_malabaricus,F0086
Area_07,fevrier,valley,river,Spring,M,N-7,Prochilodus_lineatus,F0087
Area_07,juillet,pothole,fast-stream,Spring,F,L-5,Pimelodus_maculatus,F0088
Area_08,octobre,valley,river,Winter,M,M-6,Rhamdia_quelen,F0089
Area_01,avril,montain,estuary,Autumn,M,I-2,Leporinus_friderici,F0090
Area_06,avril,montain,lake,Spring,M,M-6,Cichla_ocellaris,F0091
Area_02,aout,plains,river,Autumn,F,K-4,Prochilodus_lineatus,F0092
Area_01,septembre,montain,river,Spring,M,N-7,Cichla_ocellaris,F0093
Area_02,mars,pothole,fast-stream,Winter,M,M-6,Astyanax_fasciatus,F0094
Area_04,septembre,montain,sky,Summer,F,L-5,Geophagus_brasiliensis,F0095
Area_05,novembre,montain,marine,Spring,M,H-1,Pimelodus_maculatus,F0096
Area_05,mars,pothole,slow-stream,Autumn,M,J-3,Pimelodus_maculatus,F0097
Area_06,novembre,plains,slow-stream,Autumn,F,N-7,Cichla_ocellaris,F0098
Area_07,juin,montain,marine,Winter,M,K-4,Leporinus_friderici,F0099
Area_03,mai,montain,marine,Winter,M,M-6,Geophagus_brasiliensis,F0100
Area_01,fevrier,montain,sky,Summer,F,N-7,Leporinus_friderici,F0101
Area_04,juin,montain,fast-stream,Summer,M,K-4,Rhamdia_quelen,F0102
Area_06,janvier,valley,sky,Summer,F,M-6,Hoplias_malabaricus,F0103
Area_01,mai,plains,lake,Summer,M,L-5,Hoplias_malabaricus,F0104
Area_08,mars,plains,river,Autumn,M,H-1,Geophagus_brasiliensis,F0105
Area_06,mars,montain,slow-stream,Winter,M,L-5,Rhamdia_quelen,F0106
Area_01,mars,pothole,slow-stream,Autumn,M,I-2,Geophagus_brasiliensis,F0107
Area_07,novembre,plains,lake,Winter,F,N-7,Astyanax_fasciatus,F0108
Area_03,juin,pothole,slow-stream,Autumn,M,K-4,Rhamdia_quelen,F0109
Area_08,septembre,plains,slow-stream,Spring,F,L-5,Rhamdia_quelen,F0110
Area_08,novembre,montain,sky,Winter,M,L-5,Cichla_ocellaris,F0111
Area_06,mars,valley,river,Summer,F,J-3,Hoplias_malabaricus,F0112
Area_04,fevrier,valley,river,Winter,M,M-6,Pimelodus_maculatus,F0113
Area_07,mai,plains,estuary,Summer,F,H-1,Prochilodus_lineatus,F0114
Area_01,mai,pothole,slow-stream,Autumn,M,M-6,Prochilodus_lineatus,F0115
Area_06,juillet,valley,estuary,Autumn,M,J-3,Geophagus_brasiliensis,F0116
Area_06,fevrier,plains,fast-stream,Summer,M,M-6,Geophagus_brasiliensis,F0117
Area_08,aout,montain,estuary,Winter,M,N-7,Rhamdia_quelen,F0118
Area_03,juillet,montain,marine,Autumn,F,N-7,Rhamdia_quelen,F0119
Area_06,juillet,valley,lake,Summer,M,M-6,Leporinus_friderici,F0120
Area_05,aout,pothole,estuary,Summer,M,M-6,Cichla_ocellaris,F0121
Area_08,mai,plains,marine,Autumn,F,I-2,Leporinus_friderici,F0122
Area_07,fevrier,plains,fast-stream,Summer,F,K-4,Geophagus_brasiliensis,F0123
Area_03,mars,pothole,fast-stream,Spring,F,L-5,Hoplias_malabaricus,F0124
Area_07,septembre,pothole,sky,Spring,M,J-3,Geophagus_brasiliensis,F0125
Area_06,mars,valley,marine,Winter,M,I-2,Hoplias_malabaricus,F0126
Area_02,mars,valley,fast-stream,Spring,F,I-2,Astyanax_fasciatus,F0127
Area_07,mai,pothole,estuary,Spring,F,K-4,Hoplias_malabaricus,F0128
Area_05,juillet,valley,river,Autumn,F,I-2,Hoplias_malabaricus,F0129
Area_05,aout,plains,sky,Autumn,F,I-2,Hoplias_malabaricus,F0130
Area_08,octobre,pothole,slow-stream,Winter,F,L-5,Geophagus_brasiliensis,F0131
Area_03,avril,montain,estuary,Summer,F,H-1,Leporinus_friderici,F0132
Area_02,mars,plains,river,Spring,M,N-7,Astyanax_fasciatus,F0133
Area_02,juillet,montain,slow-stream,Autumn,M,N-7,Rhamdia_quelen,F0134
Area_02,aout,valley,lake,Winter,F,N-7,Cichla_ocellaris,F0135
Area_04,janvier,pothole,lake,Autumn,M,I-2,Cichla_ocellaris,F0136
Area_02,juillet,valley,sky,Winter,M,N-7,Leporinus_friderici,F0137
Area_02,septembre,plains,lake,Winter,F,L-5,Rhamdia_quelen,F0138
Area_06,mars,montain,marine,Autumn,F,H-1,Pimelodus_maculatus,F0139
Area_07,octobre,pothole,marine,Autumn,F,M-6,Astyanax_fasciatus,F0140
Area_04,juin,montain,river,Autumn,M,M-6,Rhamdia_quelen,F0141
Area_04,avril,pothole,lake,Winter,M,L-5,Hoplias_malabaricus,F0142
Area_06,septembre,montain,fast-stream,Summer,F,M-6,Astyanax_fasciatus,F0143
Area_01,mai,pothole,river,Spring,M,M-6,Geophagus_brasiliensis,F0144
Area_06,septembre,valley,fast-stream,Spring,M,J-3,Hoplias_malabaricus,F0145
Area_06,septembre,plains,marine,Autumn,M,L-5,Astyanax_fasciatus,F0146
Area_06,mai,valley,marine,Summer,F,K-4,Astyanax_fasciatus,F0147
Area_03,juin,montain,marine,Winter,M,K-4,Astyanax_fasciatus,F0148
Area_08,juin,valley,marine,Summer,M,M-6,Pimelodus_maculatus,F0149
Area_06,decembre,pothole,river,Summer,M,I-2,Geophagus_brasiliensis,F0150
Area_03,juin,montain,marine,Summer,M,N-7,Prochilodus_lineatus,F0151
Area_06,aout,plains,fast-stream,Winter,M,K-4,Astyanax_fasciatus,F0152
Area_07,avril,valley,marine,Summer,F,L-5,Geophagus_brasiliensis,F0153
Area_08,aout,pothole,sky,Summer,M,I-2,Hoplias_malabaricus,F0154
Area_01,juillet,plains,marine,Summer,F,M-6,Astyanax_fasciatus,F0155
Area_07,juillet,pothole,estuary,Summer,F,M-6,Pimelodus_maculatus,F0156
Area_03,mai,valley,fast-stream,Winter,M,M-6,Rhamdia_quelen,F0157
Area_07,aout,montain,sky,Summer,F,H-1,Cichla_ocellaris,F0158
Area_05,janvier,valley,marine,Autumn,M,N-7,Rhamdia_quelen,F0159
Area_07,juillet,pothole,lake,Summer,F,N-7,Astyanax_fasciatus,F0160
Area_07,octobre,valley,slow-stream,Winter,F,L-5,Pimelodus_maculatus,F0161
Area_02,juillet,plains,sky,Autumn,M,I-2,Rhamdia_quelen,F0162
Area_06,mai,valley,fast-stream,Winter,F,J-3,Geophagus_brasiliensis,F0163
Area_06,janvier,valley,lake,Autumn,M,I-2,Hoplias_malabaricus,F0164
Area_07,juillet,pothole,river,Winter,F,H-1,Cichla_ocellaris,F0165
Area_08,juillet,montain,marine,Spring,F,J-3,Pimelodus_maculatus,F0166
Area_07,decembre,valley,marine,Summer,M,K-4,Rhamdia_quelen,F0167
Area_03,mars,montain,lake,Spring,F,M-6,Rhamdia_quelen,F0168
Area_02,decembre,pothole,lake,Winter,F,N-7,Hoplias_malabaricus,F0169
Area_05,mars,valley,sky,Autumn,F,L-5,Cichla_ocellaris,F0170
Area_06,septembre,plains,river,Summer,F,J-3,Pimelodus_maculatus,F0171
Area_08,janvier,pothole,marine,Spring,F,J-3,Pimelodus_maculatus,F0172
Area_08,septembre,plains,estuary,Spring,M,K-4,Astyanax_fasciatus,F0173
Area_08,juillet,pothole,marine,Autumn,F,N-7,Cichla_ocellaris,F0174
Area_05,juin,valley,sky,Spring,M,M-6,Rhamdia_quelen,F0175
Area_07,janvier,montain,marine,Winter,M,I-2,Prochilodus_lineatus,F0176
Area_03,decembre,montain,river,Summer,M,I-2,Leporinus_friderici,F0177
Area_04,aout,pothole,fast-stream,Summer,M,M-6,Prochilodus_lineatus,F0178
Area_04,mai,valley,sky,Autumn,F,N-7,Geophagus_brasiliensis,F0179
Area_06,octobre,plains,sky,Winter,M,K-4,Rhamdia_quelen,F0180
Area_04,septembre,pothole,slow-stream,Winter,F,N-7,Pimelodus_maculatus,F0181
Area_05,decembre,montain,lake,Winter,M,J-3,Rhamdia_quelen,F0182
Area_03,mai,valley,lake,Spring,M,K-4,Pimelodus_maculatus,F0183
Area_01,mars,plains,fast-stream,Summer,M,J-3,Astyanax_fasciatus,F0184
Area_07,janvier,plains,lake,Summer,F,N-7,Pimelodus_maculatus,F0185
Area_06,juin,plains,lake,Spring,M,K-4,Rhamdia_quelen,F0186
Area_02,decembre,valley,river,Spring,F,M-6,Pimelodus_maculatus,F0187
Area_01,avril,pothole,lake,Spring,F,I-2,Prochilodus_lineatus,F0188
Area_07,aout,plains,slow-stream,Spring,F,M-6,Geophagus_brasiliensis,F0189
Area_02,septembre,valley,sky,Summer,F,H-1,Pimelodus_maculatus,F0190
Area_08,septembre,plains,lake,Spring,F,L-5,Geophagus_brasiliensis,F0191
Area_05,aout,montain,sky,Winter,F,M-6,Rhamdia_quelen,F0192
Area_03,novembre,montain,estuary,Summer,F,H-1,Hoplias_malabaricus,F0193
Area_08,juillet,montain,marine,Autumn,F,I-2,Leporinus_friderici,F0194
Area_04,avril,pothole,lake,Summer,M,L-5,Leporinus_friderici,F0195
Area_07,aout,plains,slow-stream,Winter,F,H-1,Rhamdia_quelen,F0196
Area_07,mai,valley,lake,Winter,M,I-2,Pimelodus_maculatus,F0197
Area_04,janvier,valley,estuary,Autumn,M,J-3,Rhamdia_quelen,F0198
Area_01,janvier,valley,fast-stream,Summer,M,K-4,Hoplias_malabaricus,F0199
Area_08,mai,pothole,marine,Summer,M,H-1,Prochilodus_lineatus,F0200
Area_06,mars,pothole,estuary,Spring,F,K-4,Geophagus_brasiliensis,F0201
Area_06,avril,plains,estuary,Summer,F,M-6,Rhamdia_quelen,F0202
Area_04,mars,plains,sky,Summer,M,J-3,Prochilodus_lineatus,F0203
Area_01,fevrier,montain,sky,Summer,M,L-5,Astyanax_fasciatus,F0204
Area_08,octobre,pothole,slow-stream,Spring,M,M-6,Leporinus_friderici,F0205
Area_08,decembre,plains,lake,Summer,F,K-4,Astyanax_fasciatus,F0206
Area_06,mars,valley,marine,Summer,F,L-5,Pimelodus_maculatus,F0207
Area_03,octobre,montain,marine,Summer,F,N-7,Rhamdia_quelen,F0208
Area_08,decembre,plains,fast-stream,Autumn,M,M-6,Leporinus_friderici,F0209
Area_04,decembre,valley,estuary,Spring,F,J-3,Geophagus_brasiliensis,F0210
Area_08,mai,montain,fast-stream,Autumn,M,J-3,Rhamdia_quelen,F0211
Area_03,aout,valley,sky,Spring,M,I-2,Pimelodus_maculatus,F0212
Area_05,janvier,valley,slow-stream,Spring,F,M-6,Prochilodus_lineatus,F0213
Area_04,mai,valley,marine,Spring,M,K-4,Geophagus_brasiliensis,F0214
Area_04,mars,montain,marine,Autumn,F,I-2,Pimelodus_maculatus,F0215
Area_04,juin,montain,marine,Winter,F,L-5,Rhamdia_quelen,F0216
Area_06,fevrier,valley,marine,Spring,M,H-1,Leporinus_friderici,F0217
Area_01,janvier,plains,slow-stream,Autumn,M,H-1,Prochilodus_lineatus,F0218
Area_02,juillet,pothole,marine,Summer,M,H-1,Geophagus_brasiliensis,F0219
Area_03,janvier,valley,river,Autumn,F,M-6,Pimelodus_maculatus,F0220
Area_04,aout,montain,fast-stream,Winter,F,M-6,Pimelodus_maculatus,F0221
Area_03,mars,montain,marine,Winter,F,K-4,Rhamdia_quelen,F0222
Area_01,fevrier,pothole,river,Autumn,M,L-5,Rhamdia_quelen,F0223
Area_07,octobre,pothole,lake,Winter,F,N-7,Rhamdia_quelen,F0224
Area_08,mars,pothole,fast-stream,Winter,M,J-3,Leporinus_friderici,F0225
Area_06,mai,montain,fast-stream,Autumn,F,K-4,Leporinus_friderici,F0226
Area_05,decembre,montain,river,Spring,F,I-2,Cichla_ocellaris,F0227
Area_05,aout,montain,slow-stream,Autumn,F,M-6,Geophagus_brasiliensis,F0228
Area_02,janvier,pothole,sky,Spring,M,M-6,Pimelodus_maculatus,F0229
Area_03,fevrier,valley,slow-stream,Autumn,F,H-1,Cichla_ocellaris,F0230
Area_05,avril,valley,fast-stream,Summer,M,K-4,Rhamdia_quelen,F0231
Area_06,juillet,pothole,river,Winter,M,I-2,Prochilodus_lineatus,F0232
Area_06,mai,pothole,sky,Autumn,F,L-5,Leporinus_friderici,F0233
Area_01,octobre,valley,slow-stream,Summer,F,N-7,Prochilodus_lineatus,F0234
Area_08,avril,pothole,lake,Spring,F,H-1,Geophagus_brasiliensis,F0235
Area_04,aout,valley,river,Spring,M,K-4,Prochilodus_lineatus,F0236
Area_08,janvier,plains,fast-stream,Autumn,M,K-4,Prochilodus_lineatus,F0237
Area_02,mai,valley,river,Autumn,M,H-1,Cichla_ocellaris,F0238
Area_04,juillet,valley,marine,Spring,M,H-1,Prochilodus_lineatus,F0239
Area_05,juin,montain,lake,Spring,F,M-6,Pimelodus_maculatus,F0240
Area_05,decembre,montain,river,Summer,F,K-4,Hoplias_malabaricus,F0241
Area_06,octobre,pothole,river,Autumn,M,H-1,Astyanax_fasciatus,F0242
Area_05,decembre,plains,estuary,Autumn,M,H-1,Cichla_ocellaris,F0243
Area_08,janvier,montain,marine,Winter,M,N-7,Hoplias_malabaricus,F0244
Area_07,octobre,valley,slow-stream,Winter,F,J-3,Astyanax_fasciatus,F0245
Area_05,juillet,plains,river,Spring,F,H-1,Hoplias_malabaricus,F0246
Area_01,fevrier,montain,marine,Summer,M,N-7,Cichla_ocellaris,F0247
Area_08,octobre,valley,river,Summer,M,L-5,Astyanax_fasciatus,F0248
Area_08,mai,montain,lake,Spring,F,J-3,Hoplias_malabaricus,F0249
Area_02,mars,montain,marine,Summer,M,N-7,Prochilodus_lineatus,F0250
Area_01,fevrier,valley,marine,Spring,M,M-6,Leporinus_friderici,F0251
Area_08,juin,pothole,marine,Winter,F,N-7,Rhamdia_quelen,F0252
Area_02,fevrier,pothole,marine,Spring,F,J-3,Geophagus_brasiliensis,F0253
Area_05,mars,valley,sky,Autumn,M,J-3,Cichla_ocellaris,F0254
Area_05,mars,plains,marine,Spring,F,I-2,Hoplias_malabaricus,F0255
Area_01,novembre,pothole,marine,Spring,F,M-6,Hoplias_malabaricus,F0256
Area_07,avril,montain,lake,Autumn,M,N-7,Geophagus_brasiliensis,F0257
Area_07,septembre,pothole,fast-stream,Summer,M,L-5,Rhamdia_quelen,F0258
Area_02,mai,valley,slow-stream,Autumn,M,M-6,Hoplias_malabaricus,F0259
Area_05,fevrier,valley,lake,Winter,F,H-1,Pimelodus_maculatus,F0260
Area_04,septembre,plains,lake,Spring,M,J-3,Cichla_ocellaris,F0261
Area_02,janvier,pothole,sky,Summer,F,N-7,Rhamdia_quelen,F0262
Area_08,juillet,valley,marine,Spring,M,J-3,Astyanax_fasciatus,F0263
Area_07,janvier,pothole,lake,Winter,F,N-7,Geophagus_brasiliensis,F0264
Area_06,juin,pothole,sky,Spring,F,I-2,Geophagus_brasiliensis,F0265
Area_07,janvier,valley,marine,Autumn,M,J-3,Leporinus_friderici,F0266
Area_02,juin,valley,slow-stream,Autumn,M,H-1,Hoplias_malabaricus,F0267
Area_03,aout,montain,marine,Winter,M,K-4,Cichla_ocellaris,F0268
Area_01,octobre,plains,lake,Spring,M,L-5,Cichla_ocellaris,F0269
Area_01,decembre,valley,lake,Spring,F,N-7,Cichla_ocellaris,F0270
Area_05,fevrier,pothole,fast-stream,Autumn,M,M-6,Geophagus_brasiliensis,F0271
Area_05,mai,valley,river,Spring,M,H-1,Astyanax_fasciatus,F0272
Area_03,octobre,plains,river,Winter,M,M-6,Hoplias_malabaricus,F0273
Area_02,fevrier,valley,marine,Winter,F,H-1,Pimelodus_maculatus,F0274
Area_05,mai,montain,river,Winter,M,N-7,Astyanax_fasciatus,F0275
Area_06,decembre,montain,fast-stream,Autumn,M,N-7,Rhamdia_quelen,F0276
Area_05,mars,pothole,river,Summer,M,H-1,Rhamdia_quelen,F0277
Area_03,juin,valley,marine,Autumn,M,M-6,Geophagus_brasiliensis,F0278
Area_03,juin,plains,marine,Winter,M,H-1,Pimelodus_maculatus,F0279
Area_01,novembre,plains,marine,Winter,F,K-4,Pimelodus_maculatus,F0280
Area_04,decembre,montain,fast-stream,Spring,M,K-4,Cichla_ocellaris,F0281
Area_02,septembre,montain,estuary,Summer,M,J-3,Geophagus_brasiliensis,F0282
Area_07,juin,montain,estuary,Summer,M,J-3,Geophagus_brasiliensis,F0283
Area_01,avril,pothole,slow-stream,Winter,M,I-2,Prochilodus_lineatus,F0284
Area_07,fevrier,pothole,slow-stream,Autumn,M,I-2,Prochilodus_lineatus,F0285
Area_02,juillet,valley,lake,Summer,F,K-4,Geophagus_brasiliensis,F0286
Area_08,septembre,pothole,estuary,Spring,M,L-5,Leporinus_friderici,F0287
Area_04,novembre,montain,lake,Summer,M,M-6,Cichla_ocellaris,F0288
Area_05,decembre,montain,marine,Winter,F,M-6,Hoplias_malabaricus,F0289
Area_08,avril,valley,estuary,Spring,M,K-4,Astyanax_fasciatus,F0290
Area_01,janvier,plains,sky,Autumn,M,H-1,Geophagus_brasiliensis,F0291
Area_01,decembre,valley,marine,Winter,F,H-1,Hoplias_malabaricus,F0292
Area_01,aout,plains,river,Autumn,F,J-3,Geophagus_brasiliensis,F0293
Area_05,decembre,valley,marine,Summer,F,N-7,Leporinus_friderici,F0294
Area_07,mars,valley,river,Winter,M,N-7,Prochilodus_lineatus,F0295
Area_06,septembre,valley,estuary,Winter,M,L-5,Rhamdia_quelen,F0296
Area_06,decembre,montain,slow-stream,Autumn,M,J-3,Rhamdia_quelen,F0297
Area_06,juin,pothole,fast-stream,Autumn,M,L-5,Cichla_ocellaris,F0298
Area_03,mars,pothole,lake,Summer,M,N-7,Cichla_ocellaris,F0299
Area_01,decembre,plains,marine,Winter,F,L-5,Cichla_ocellaris,F0300
Area_02,decembre,valley,estuary,Spring,F,H-1,Geophagus_brasiliensis,F0301
Area_02,decembre,montain,fast-stream,Autumn,M,I-2,Rhamdia_quelen,F0302
Area_01,novembre,valley,sky,Autumn,M,H-1,Cichla_ocellaris,F0303
Area_02,mars,valley,lake,Winter,M,L-5,Hoplias_malabaricus,F0304
Area_01,novembre,valley,lake,Spring,M,H-1,Astyanax_fasciatus,F0305
Area_05,avril,montain,slow-stream,Spring,F,I-2,Prochilodus_lineatus,F0306
Area_02,juin,pothole,river,Winter,M,M-6,Geophagus_brasiliensis,F0307
Area_03,novembre,valley,marine,Summer,F,I-2,Prochilodus_lineatus,F0308
Area_05,novembre,montain,sky,Spring,M,J-3,Hoplias_malabaricus,F0309
Area_07,fevrier,valley,estuary,Summer,M,N-7,Geophagus_brasiliensis,F0310
Area_04,juillet,pothole,sky,Summer,M,N-7,Prochilodus_lineatus,F0311
Area_05,decembre,valley,lake,Winter,F,N-7,Leporinus_friderici,F0312
Area_02,juin,pothole,sky,Spring,M,M-6,Hoplias_malabaricus,F0313
Area_01,juillet,valley,lake,Winter,M,M-6,Cichla_ocellaris,F0314
Area_04,avril,montain,river,Spring,M,I-2,Prochilodus_lineatus,F0315
Area_06,juillet,montain,estuary,Spring,M,L-5,Hoplias_malabaricus,F0316
Area_02,octobre,valley,estuary,Winter,F,N-7,Pimelodus_maculatus,F0317
Area_06,decembre,montain,lake,Winter,M,J-3,Pimelodus_maculatus,F0318
Area_07,avril,plains,fast-stream,Winter,M,I-2,Prochilodus_lineatus,F0319
Area_05,septembre,valley,river,Winter,F,K-4,Geophagus_brasiliensis,F0320
Area_01,mai,montain,lake,Spring,F,L-5,Leporinus_friderici,F0321
Area_08,novembre,montain,river,Winter,M,M-6,Prochilodus_lineatus,F0322
Area_05,novembre,pothole,river,Spring,M,N-7,Hoplias_malabaricus,F0323
Area_01,septembre,montain,fast-stream,Winter,M,J-3,Astyanax_fasciatus,F0324
Area_04,septembre,pothole,sky,Spring,M,N-7,Leporinus_friderici,F0325
Area_03,mars,valley,marine,Autumn,F,J-3,Hoplias_malabaricus,F0326
Area_01,decembre,valley,slow-stream,Winter,M,J-3,Pimelodus_maculatus,F0327
Area_06,decembre,valley,slow-stream,Autumn,F,M-6,Prochilodus_lineatus,F0328
Area_01,novembre,pothole,estuary,Winter,M,H-1,Rhamdia_quelen,F0329
Area_02,janvier,pothole,fast-stream,Autumn,F,I-2,Rhamdia_quelen,F0330
Area_04,septembre,plains,estuary,Summer,F,N-7,Pimelodus_maculatus,F0331
Area_02,septembre,pothole,river,Spring,M,N-7,Astyanax_fasciatus,F0332
Area_01,decembre,montain,slow-stream,Summer,M,J-3,Pimelodus_maculatus,F0333
Area_05,mars,plains,fast-stream,Spring,F,J-3,Pimelodus_maculatus,F0334
Area_05,avril,pothole,slow-stream,Autumn,F,J-3,Geophagus_brasiliensis,F0335
Area_01,juillet,plains,lake,Summer,F,J-3,Prochilodus_lineatus,F0336
Area_08,novembre,valley,lake,Autumn,F,K-4,Cichla_ocellaris,F0337
Area_07,septembre,valley,lake,Autumn,F,J-3,Geophagus_brasiliensis,F0338
Area_01,octobre,plains,marine,Summer,F,I-2,Leporinus_friderici,F0339
Area_05,aout,valley,marine,Summer,M,M-6,Pimelodus_maculatus,F0340
Area_05,mars,montain,river,Spring,F,I-2,Geophagus_brasiliensis,F0341
Area_02,novembre,pothole,river,Autumn,M,H-1,Pimelodus_maculatus,F0342
Area_02,juin,pothole,fast-stream,Autumn,F,I-2,Rhamdia_quelen,F0343
Area_07,janvier,valley,sky,Winter,M,L-5,Prochilodus_lineatus,F0344
Area_06,septembre,montain,lake,Summer,M,N-7,Geophagus_brasiliensis,F0345
Area_07,septembre,pothole,estuary,Summer,F,N-7,Rhamdia_quelen,F0346
Area_05,juillet,plains,fast-stream,Winter,M,J-3,Pimelodus_maculatus,F0347
Area_01,aout,pothole,river,Spring,F,M-6,Leporinus_friderici,F0348
Area_08,janvier,pothole,lake,Summer,F,M-6,Cichla_ocellaris,F0349
Area_01,octobre,montain,slow-stream,Autumn,M,J-3,Prochilodus_lineatus,F0350
Area_05,aout,plains,sky,Summer,F,J-3,Leporinus_friderici,F0351
Area_05,fevrier,valley,river,Winter,M,N-7,Prochilodus_lineatus,F0352
Area_04,aout,montain,estuary,Spring,F,J-3,Astyanax_fasciatus,F0353
Area_07,juin,montain,fast-stream,Spring,F,I-2,Geophagus_brasiliensis,F0354
Area_05,septembre,montain,lake,Autumn,M,N-7,Hoplias_malabaricus,F0355
Area_08,fevrier,montain,marine,Autumn,M,K-4,Rhamdia_quelen,F0356
Area_05,juillet,valley,slow-stream,Autumn,M,H-1,Astyanax_fasciatus,F0357
Area_07,juillet,montain,marine,Winter,M,K-4,Leporinus_friderici,F0358
Area_07,decembre,plains,fast-stream,Winter,F,I-2,Hoplias_malabaricus,F0359
Area_04,septembre,montain,lake,Spring,M,N-7,Hoplias_malabaricus,F0360
Area_02,mars,valley,river,Autumn,F,H-1,Prochilodus_lineatus,F0361
Area_05,mars,valley,fast-stream,Autumn,F,M-6,Leporinus_friderici,F0362
Area_01,mai,valley,lake,Spring,F,K-4,Prochilodus_lineatus,F0363
Area_01,fevrier,valley,slow-stream,Spring,F,M-6,Hoplias_malabaricus,F0364
Area_02,decembre,montain,marine,Spring,M,L-5,Geophagus_brasiliensis,F0365
Area_01,avril,pothole,slow-stream,Winter,M,H-1,Prochilodus_lineatus,F0366
Area_02,octobre,plains,sky,Spring,M,J-3,Rhamdia_quelen,F0367
Area_05,janvier,montain,marine,Summer,F,L-5,Rhamdia_quelen,F0368
Area_08,octobre,plains,marine,Winter,M,M-6,Geophagus_brasiliensis,F0369
Area_01,mai,plains,sky,Spring,M,K-4,Astyanax_fasciatus,F0370
Area_07,octobre,pothole,marine,Winter,F,K-4,Prochilodus_lineatus,F0371
Area_03,aout,valley,lake,Spring,F,I-2,Rhamdia_quelen,F0372
Area_02,mai,plains,river,Autumn,F,L-5,Rhamdia_quelen,F0373
Area_02,juin,montain,fast-stream,Summer,M,K-4,Astyanax_fasciatus,F0374
Area_05,septembre,valley,estuary,Winter,F,J-3,Hoplias_malabaricus,F0375
Area_07,mars,montain,fast-stream,Summer,M,K-4,Astyanax_fasciatus,F0376
Area_04,decembre,valley,estuary,Autumn,F,N-7,Leporinus_friderici,F0377
Area_01,janvier,pothole,fast-stream,Spring,M,N-7,Leporinus_friderici,F0378
Area_05,septembre,montain,marine,Summer,M,K-4,Cichla_ocellaris,F0379
Area_02,decembre,plains,fast-stream,Winter,F,N-7,Astyanax_fasciatus,F0380
Area_05,fevrier,valley,estuary,Autumn,F,N-7,Leporinus_friderici,F0381
Area_06,janvier,pothole,fast-stream,Winter,F,M-6,Hoplias_malabaricus,F0382
Area_02,aout,plains,slow-stream,Summer,M,H-1,Prochilodus_lineatus,F0383
Area_02,septembre,valley,sky,Spring,F,L-5,Hoplias_malabaricus,F0384
Area_06,fevrier,pothole,river,Summer,M,I-2,Cichla_ocellaris,F0385
Area_04,decembre,pothole,fast-stream,Spring,M,J-3,Leporinus_friderici,F0386
Area_08,novembre,plains,lake,Summer,F,L-5,Rhamdia_quelen,F0387
Area_08,mars,pothole,estuary,Spring,M,I-2,Astyanax_fasciatus,F0388
Area_08,juin,plains,estuary,Summer,F,N-7,Leporinus_friderici,F0389
Area_03,janvier,plains,slow-stream,Spring,F,I-2,Geophagus_brasiliensis,F0390
Area_04,juillet,valley,fast-stream,Summer,M,M-6,Astyanax_fasciatus,F0391
Area_03,fevrier,pothole,fast-stream,Winter,F,L-5,Astyanax_fasciatus,F0392
Area_03,mai,pothole,marine,Summer,F,H-1,Hoplias_malabaricus,F0393
Area_03,novembre,plains,lake,Spring,M,K-4,Leporinus_friderici,F0394
Area_05,octobre,plains,lake,Autumn,M,H-1,Leporinus_friderici,F0395
Area_07,novembre,pothole,river,Winter,M,J-3,Hoplias_malabaricus,F0396
Area_03,mars,valley,marine,Winter,F,J-3,Astyanax_fasciatus,F0397
Area_07,juillet,pothole,lake,Winter,F,K-4,Rhamdia_quelen,F0398
Area_08,fevrier,valley,fast-stream,Autumn,M,H-1,Pimelodus_maculatus,F0399
Area_02,aout,valley,river,Spring,F,H-1,Geophagus_brasiliensis,F0400
Area_07,mars,pothole,fast-stream,Summer,M,L-5,Hoplias_malabaricus,F0401
Area_07,avril,plains,river,Spring,F,H-1,Cichla_ocellaris,F0402
Area_03,mars,valley,marine,Summer,M,I-2,Pimelodus_maculatus,F0403
Area_01,mars,montain,slow-stream,Winter,M,H-1,Cichla_ocellaris,F0404
Area_05,fevrier,plains,estuary,Winter,M,K-4,Prochilodus_lineatus,F0405
Area_07,avril,plains,fast-stream,Summer,F,I-2,Cichla_ocellaris,F0406
Area_06,avril,plains,slow-stream,Autumn,F,H-1,Astyanax_fasciatus,F0407
Area_07,juin,pothole,sky,Winter,M,L-5,Geophagus_brasiliensis,F0408
Area_06,juin,valley,fast-stream,Autumn,F,L-5,Rhamdia_quelen,F0409
Area_01,mars,montain,estuary,Spring,F,I-2,Geophagus_brasiliensis,F0410
Area_04,septembre,pothole,marine,Winter,F,J-3,Prochilodus_lineatus,F0411
Area_02,mai,montain,sky,Autumn,M,K-4,Geophagus_brasiliensis,F0412
Area_06,mai,pothole,sky,Autumn,F,J-3,Geophagus_brasiliensis,F0413
Area_02,aout,valley,fast-stream,Spring,M,M-6,Astyanax_fasciatus,F0414
Area_04,mai,montain,marine,Summer,M,J-3,Hoplias_malabaricus,F0415
Area_01,mai,plains,fast-stream,Autumn,F,N-7,Pimelodus_maculatus,F0416
Area_04,mars,montain,lake,Autumn,M,N-7,Hoplias_malabaricus,F0417
Area_05,decembre,pothole,slow-stream,Autumn,M,I-2,Pimelodus_maculatus,F0418
Area_05,juillet,montain,fast-stream,Autumn,M,I-2,Astyanax_fasciatus,F0419
Area_03,janvier,valley,lake,Spring,M,I-2,Pimelodus_maculatus,F0420
Area_07,fevrier,montain,river,Winter,F,L-5,Astyanax_fasciatus,F0421
Area_05,janvier,montain,marine,Autumn,F,K-4,Rhamdia_quelen,F0422
Area_05,novembre,plains,river,Autumn,F,J-3,Leporinus_friderici,F0423
Area_03,aout,pothole,sky,Summer,M,N-7,Leporinus_friderici,F0424
Area_01,janvier,plains,estuary,Winter,M,I-2,Rhamdia_quelen,F0425
Area_03,fevrier,valley,river,Winter,F,J-3,Rhamdia_quelen,F0426
Area_04,octobre,valley,sky,Spring,F,I-2,Rhamdia_quelen,F0427
Area_02,fevrier,pothole,river,Spring,M,K-4,Hoplias_malabaricus,F0428
Area_05,juin,valley,fast-stream,Summer,F,I-2,Astyanax_fasciatus,F0429
Area_01,decembre,pothole,estuary,Winter,M,J-3,Astyanax_fasciatus,F0430
Area_07,mars,valley,river,Autumn,M,K-4,Geophagus_brasiliensis,F0431
Area_04,aout,valley,marine,Summer,F,L-5,Leporinus_friderici,F0432
Area_06,novembre,plains,marine,Summer,F,J-3,Prochilodus_lineatus,F0433
Area_03,janvier,montain,marine,Autumn,M,J-3,Hoplias_malabaricus,F0434
Area_06,novembre,pothole,fast-stream,Summer,M,H-1,Prochilodus_lineatus,F0435
Area_01,juin,pothole,lake,Summer,F,N-7,Rhamdia_quelen,F0436
Area_02,novembre,pothole,river,Autumn,M,J-3,Geophagus_brasiliensis,F0437
Area_07,aout,pothole,lake,Summer,M,N-7,Cichla_ocellaris,F0438
Area_06,janvier,plains,river,Spring,F,I-2,Hoplias_malabaricus,F0439
Area_03,avril,pothole,river,Spring,M,I-2,Prochilodus_lineatus,F0440
Area_03,decembre,valley,estuary,Summer,M,N-7,Geophagus_brasiliensis,F0441
Area_01,aout,valley,lake,Winter,M,K-4,Geophagus_brasiliensis,F0442
Area_02,mars,plains,estuary,Summer,M,I-2,Geophagus_brasiliensis,F0443
Area_08,novembre,pothole,estuary,Spring,F,M-6,Leporinus_friderici,F0444
Area_01,novembre,plains,lake,Summer,F,I-2,Pimelodus_maculatus,F0445
Area_06,janvier,plains,river,Autumn,M,I-2,Rhamdia_quelen,F0446
Area_02,juin,plains,marine,Spring,M,M-6,Prochilodus_lineatus,F0447
Area_08,decembre,plains,river,Winter,M,I-2,Rhamdia_quelen,F0448
Area_02,mars,valley,lake,Autumn,F,M-6,Geophagus_brasiliensis,F0449
Area_08,mai,valley,river,Spring,F,H-1,Rhamdia_quelen,F0450
Area_02,janvier,plains,fast-stream,Winter,F,J-3,Cichla_ocellaris,F0451
Area_05,juin,valley,lake,Winter,F,L-5,Geophagus_brasiliensis,F0452
Area_04,mai,montain,lake,Winter,M,K-4,Hoplias_malabaricus,F0453
Area_06,janvier,pothole,lake,Summer,M,L-5,Rhamdia_quelen,F0454
Area_04,aout,montain,sky,Autumn,M,H-1,Leporinus_friderici,F0455
Area_05,septembre,pothole,slow-stream,Autumn,M,M-6,Rhamdia_quelen,F0456
Area_04,novembre,valley,fast-stream,Winter,M,I-2,Prochilodus_lineatus,F0457
Area_06,mai,plains,estuary,Autumn,M,J-3,Leporinus_friderici,F0458
Area_01,mai,montain,slow-stream,Winter,F,L-5,Leporinus_friderici,F0459
Area_08,novembre,pothole,estuary,Spring,F,N-7,Hoplias_malabaricus,F0460
Area_08,aout,valley,lake,Winter,F,I-2,Leporinus_friderici,F0461
Area_07,avril,plains,lake,Autumn,M,K-4,Rhamdia_quelen,F0462
Area_02,avril,pothole,river,Spring,F,H-1,Prochilodus_lineatus,F0463
Area_01,avril,valley,estuary,Autumn,F,H-1,Rhamdia_quelen,F0464
Area_07,novembre,montain,river,Summer,F,N-7,Rhamdia_quelen,F0465
Area_02,decembre,plains,river,Autumn,F,J-3,Pimelodus_maculatus,F0466
Area_08,mai,plains,lake,Autumn,M,K-4,Rhamdia_quelen,F0467
Area_03,avril,valley,sky,Summer,F,J-3,Leporinus_friderici,F0468
Area_02,juin,plains,estuary,Winter,M,N-7,Geophagus_brasiliensis,F0469
Area_07,octobre,pothole,slow-stream,Spring,F,N-7,Geophagus_brasiliensis,F0470
Area_03,avril,valley,river,Summer,M,I-2,Pimelodus_maculatus,F0471
Area_01,novembre,valley,sky,Autumn,M,N-7,Prochilodus_lineatus,F0472
Area_04,janvier,valley,river,Summer,M,J-3,Pimelodus_maculatus,F0473
Area_02,novembre,plains,fast-stream,Autumn,F,N-7,Prochilodus_lineatus,F0474
Area_03,aout,pothole,sky,Summer,M,K-4,Hoplias_malabaricus,F0475
Area_05,mai,valley,fast-stream,Summer,M,H-1,Prochilodus_lineatus,F0476
Area_05,mai,plains,river,Winter,M,H-1,Prochilodus_lineatus,F0477
Area_07,octobre,pothole,marine,Summer,F,K-4,Leporinus_friderici,F0478
Area_06,mars,valley,sky,Winter,F,N-7,Hoplias_malabaricus,F0479
Area_03,novembre,valley,river,Summer,M,H-1,Astyanax_fasciatus,F0480
Area_06,janvier,pothole,sky,Autumn,M,N-7,Astyanax_fasciatus,F0481
Area_06,fevrier,montain,river,Winter,M,N-7,Rhamdia_quelen,F0482
Area_02,decembre,pothole,lake,Spring,M,J-3,Astyanax_fasciatus,F0483
Area_08,mars,montain,lake,Spring,M,I-2,Pimelodus_maculatus,F0484
Area_05,avril,pothole,lake,Spring,M,I-2,Leporinus_friderici,F0485
Area_04,octobre,plains,slow-stream,Spring,M,I-2,Leporinus_friderici,F0486
Area_02,avril,plains,sky,Autumn,M,H-1,Astyanax_fasciatus,F0487
Area_01,avril,valley,fast-stream,Autumn,M,L-5,Astyanax_fasciatus,F0488
Area_08,octobre,pothole,marine,Summer,M,L-5,Pimelodus_maculatus,F0489
Area_04,janvier,pothole,marine,Winter,F,I-2,Cichla_ocellaris,F0490
Area_01,septembre,plains,fast-stream,Spring,F,J-3,Cichla_ocellaris,F0491
Area_04,janvier,pothole,sky,Summer,M,I-2,Prochilodus_lineatus,F0492
Area_05,mai,pothole,estuary,Spring,M,N-7,Rhamdia_quelen,F0493
Area_04,avril,pothole,sky,Spring,F,J-3,Rhamdia_quelen,F0494
Area_02,janvier,plains,sky,Winter,F,J-3,Hoplias_malabaricus,F0495
Area_02,juillet,plains,sky,Summer,F,N-7,Rhamdia_quelen,F0496
Area_04,septembre,plains,slow-stream,Spring,F,J-3,Geophagus_brasiliensis,F0497
Area_07,novembre,plains,fast-stream,Summer,M,J-3,Leporinus_friderici,F0498
Area_03,mai,plains,river,Spring,F,M-6,Geophagus_brasiliensis,F0499
Area_05,septembre,valley,marine,Spring,M,K-4,Astyanax_fasciatus,F0500
Area_06,juin,valley,slow-stream,Winter,M,L-5,Prochilodus_lineatus,F0501
Area_08,septembre,montain,marine,Summer,M,H-1,Cichla_ocellaris,F0502
Area_08,mars,pothole,river,Summer,F,M-6,Astyanax_fasciatus,F0503
Area_02,septembre,montain,estuary,Summer,M,L-5,Geophagus_brasiliensis,F0504
Area_07,janvier,montain,lake,Winter,M,H-1,Cichla_ocellaris,F0505
Area_03,mars,valley,marine,Winter,F,N-7,Pimelodus_maculatus,F0506
Area_03,novembre,montain,slow-stream,Autumn,M,M-6,Leporinus_friderici,F0507
Area_03,juin,valley,marine,Spring,F,H-1,Prochilodus_lineatus,F0508
Area_06,fevrier,montain,slow-stream,Spring,F,I-2,Cichla_ocellaris,F0509
Area_01,janvier,montain,estuary,Spring,F,N-7,Astyanax_fasciatus,F0510
Area_08,decembre,montain,sky,Winter,F,H-1,Leporinus_friderici,F0511
Area_01,octobre,montain,estuary,Summer,F,L-5,Rhamdia_quelen,F0512
Area_08,mai,plains,sky,Winter,M,I-2,Rhamdia_quelen,F0513
Area_03,janvier,pothole,slow-stream,Spring,F,M-6,Cichla_ocellaris,F0514
Area_04,juin,plains,estuary,Summer,F,L-5,Rhamdia_quelen,F0515
Area_08,novembre,plains,fast-stream,Winter,M,I-2,Astyanax_fasciatus,F0516
Area_04,juin,plains,slow-stream,Summer,M,J-3,Prochilodus_lineatus,F0517
Area_05,aout,pothole,lake,Winter,F,M-6,Prochilodus_lineatus,F0518
Area_02,janvier,montain,sky,Winter,M,L-5,Cichla_ocellaris,F0519
Area_02,juin,valley,estuary,Autumn,F,M-6,Rhamdia_quelen,F0520
Area_08,janvier,valley,marine,Spring,F,N-7,Leporinus_friderici,F0521
Area_04,juin,valley,river,Spring,M,J-3,Prochilodus_lineatus,F0522
Area_07,juin,plains,lake,Autumn,F,K-4,Cichla_ocellaris,F0523
Area_02,mai,pothole,lake,Autumn,F,J-3,Prochilodus_lineatus,F0524
Area_01,octobre,pothole,estuary,Autumn,M,N-7,Hoplias_malabaricus,F0525
Area_04,septembre,valley,slow-stream,Winter,F,K-4,Geophagus_brasiliensis,F0526
Area_03,octobre,plains,lake,Summer,M,H-1,Pimelodus_maculatus,F0527
Area_01,mars,pothole,river,Summer,F,K-4,Pimelodus_maculatus,F0528
Area_05,septembre,montain,sky,Summer,F,H-1,Astyanax_fasciatus,F0529
Area_03,mai,montain,slow-stream,Spring,M,L-5,Leporinus_friderici,F0530
Area_04,juillet,plains,sky,Winter,F,H-1,Prochilodus_lineatus,F0531
Area_08,fevrier,plains,river,Spring,F,L-5,Hoplias_malabaricus,F0532
Area_02,juin,plains,lake,Winter,F,L-5,Hoplias_malabaricus,F0533
Area_05,octobre,montain,marine,Summer,F,L-5,Cichla_ocellaris,F0534
Area_05,juillet,valley,estuary,Winter,M,J-3,Leporinus_friderici,F0535
Area_02,septembre,pothole,river,Spring,M,N-7,Hoplias_malabaricus,F0536
Area_06,mars,montain,sky,Spring,F,M-6,Rhamdia_quelen,F0537
Area_02,septembre,valley,slow-stream,Spring,F,M-6,Astyanax_fasciatus,F0538
Area_02,juin,montain,marine,Summer,M,I-2,Rhamdia_quelen,F0539
Area_01,juin,pothole,marine,Autumn,M,K-4,Hoplias_malabaricus,F0540
Area_03,aout,montain,lake,Autumn,M,M-6,Leporinus_friderici,F0541
Area_07,avril,valley,lake,Autumn,M,L-5,Cichla_ocellaris,F0542
Area_06,juin,pothole,marine,Winter,M,M-6,Cichla_ocellaris,F0543
Area_08,janvier,plains,marine,Spring,M,H-1,Pimelodus_maculatus,F0544
Area_04,avril,pothole,lake,Winter,M,M-6,Leporinus_friderici,F0545
Area_03,juin,montain,sky,Spring,F,K-4,Geophagus_brasiliensis,F0546
Area_03,octobre,pothole,fast-stream,Spring,F,H-1,Leporinus_friderici,F0547
Area_08,juillet,valley,estuary,Winter,F,I-2,Rhamdia_quelen,F0548
Area_08,novembre,valley,lake,Winter,F,J-3,Pimelodus_maculatus,F0549
Area_03,juillet,pothole,marine,Summer,F,N-7,Pimelodus_maculatus,F0550
Area_06,novembre,plains,estuary,Autumn,M,N-7,Pimelodus_maculatus,F0551
Area_07,mai,pothole,river,Winter,M,N-7,Pimelodus_maculatus,F0552
Area_04,janvier,plains,marine,Autumn,F,H-1,Leporinus_friderici,F0553
Area_08,mars,valley,sky,Summer,F,J-3,Rhamdia_quelen,F0554
Area_04,aout,pothole,lake,Winter,M,M-6,Pimelodus_maculatus,F0555
Area_03,janvier,pothole,estuary,Autumn,F,M-6,Pimelodus_maculatus,F0556
Area_06,decembre,valley,slow-stream,Autumn,M,J-3,Hoplias_malabaricus,F0557
Area_08,aout,montain,slow-stream,Summer,F,L-5,Pimelodus_maculatus,F0558
Area_06,juillet,plains,slow-stream,Spring,F,K-4,Hoplias_malabaricus,F0559
Area_04,mars,montain,marine,Autumn,F,H-1,Geophagus_brasiliensis,F0560
Area_07,janvier,montain,slow-stream,Summer,F,I-2,Cichla_ocellaris,F0561
Area_02,aout,valley,sky,Winter,M,I-2,Geophagus_brasiliensis,F0562
Area_08,novembre,pothole,river,Summer,M,K-4,Leporinus_friderici,F0563
Area_03,aout,montain,slow-stream,Spring,M,J-3,Astyanax_fasciatus,F0564
Area_08,juillet,plains,slow-stream,Autumn,M,K-4,Astyanax_fasciatus,F0565
Area_06,septembre,plains,river,Autumn,F,M-6,Astyanax_fasciatus,F0566
Area_08,novembre,valley,river,Autumn,M,K-4,Geophagus_brasiliensis,F0567
Area_04,decembre,plains,estuary,Winter,F,L-5,Prochilodus_lineatus,F0568
Area_02,janvier,valley,marine,Summer,F,J-3,Geophagus_brasiliensis,F0569
Area_01,aout,valley,river,Autumn,F,M-6,Rhamdia_quelen,F0570
Area_06,janvier,pothole,marine,Spring,F,J-3,Cichla_ocellaris,F0571
Area_03,juin,pothole,slow-stream,Winter,M,M-6,Leporinus_friderici,F0572
Area_04,fevrier,pothole,slow-stream,Spring,M,H-1,Astyanax_fasciatus,F0573
Area_01,mai,plains,lake,Autumn,M,M-6,Hoplias_malabaricus,F0574
Area_01,octobre,valley,river,Autumn,M,K-4,Pimelodus_maculatus,F0575
Area_04,mars,pothole,lake,Autumn,M,M-6,Astyanax_fasciatus,F0576
Area_07,octobre,valley,sky,Summer,M,L-5,Leporinus_friderici,F0577
Area_04,avril,pothole,estuary,Winter,M,L-5,Prochilodus_lineatus,F0578
Area_06,aout,plains,marine,Summer,M,M-6,Prochilodus_lineatus,F0579
Area_05,juin,pothole,fast-stream,Winter,F,H-1,Hoplias_malabaricus,F0580
Area_01,septembre,plains,sky,Summer,F,H-1,Cichla_ocellaris,F0581
Area_08,mai,valley,slow-stream,Autumn,F,J-3,Geophagus_brasiliensis,F0582
Area_07,janvier,pothole,sky,Winter,F,N-7,Hoplias_malabaricus,F0583
Area_07,janvier,valley,slow-stream,Winter,F,J-3,Rhamdia_quelen,F0584
Area_04,fevrier,plains,estuary,Spring,M,M-6,Pimelodus_maculatus,F0585
Area_07,octobre,montain,marine,Summer,M,H-1,Hoplias_malabaricus,F0586
Area_05,septembre,montain,river,Spring,M,H-1,Cichla_ocellaris,F0587
Area_06,novembre,valley,estuary,Spring,M,K-4,Pimelodus_maculatus,F0588
Area_06,janvier,valley,marine,Summer,F,H-1,Pimelodus_maculatus,F0589
Area_07,fevrier,pothole,river,Winter,M,H-1,Prochilodus_lineatus,F0590
Area_07,novembre,montain,river,Autumn,M,M-6,Rhamdia_quelen,F0591
Area_08,septembre,pothole,lake,Autumn,M,L-5,Leporinus_friderici,F0592
Area_03,janvier,plains,estuary,Autumn,F,M-6,Prochilodus_lineatus,F0593
Area_08,fevrier,pothole,marine,Summer,F,H-1,Prochilodus_lineatus,F0594
Area_07,avril,plains,estuary,Autumn,F,L-5,Astyanax_fasciatus,F0595
Area_02,aout,pothole,lake,Summer,M,M-6,Cichla_ocellaris,F0596
Area_05,aout,valley,slow-stream,Winter,F,N-7,Astyanax_fasciatus,F0597
Area_07,mai,plains,marine,Autumn,F,I-2,Hoplias_malabaricus,F0598
Area_04,septembre,valley,lake,Autumn,M,M-6,Prochilodus_lineatus,F0599
Area_08,octobre,montain,fast-stream,Autumn,F,K-4,Rhamdia_quelen,F0600
Area_04,janvier,plains,river,Spring,F,H-1,Astyanax_fasciatus,F0601
Area_06,avril,pothole,sky,Autumn,M,K-4,Pimelodus_maculatus,F0602
Area_08,juillet,pothole,estuary,Winter,F,K-4,Pimelodus_maculatus,F0603
Area_01,juin,plains,fast-stream,Autumn,M,H-1,Geophagus_brasiliensis,F0604
Area_03,decembre,pothole,estuary,Spring,F,H-1,Prochilodus_lineatus,F0605
Area_03,novembre,montain,lake,Winter,M,N-7,Geophagus_brasiliensis,F0606
Area_03,fevrier,valley,fast-stream,Autumn,F,L-5,Pimelodus_maculatus,F0607
Area_06,decembre,plains,river,Winter,F,L-5,Rhamdia_quelen,F0608
Area_05,juillet,valley,sky,Autumn,M,M-6,Hoplias_malabaricus,F0609
Area_02,mars,valley,fast-stream,Autumn,F,L-5,Leporinus_friderici,F0610
Area_07,novembre,pothole,estuary,Spring,F,L-5,Astyanax_fasciatus,F0611
Area_05,fevrier,montain,fast-stream,Autumn,M,I-2,Geophagus_brasiliensis,F0612
Area_02,janvier,pothole,river,Autumn,F,H-1,Pimelodus_maculatus,F0613
Area_01,juin,plains,estuary,Autumn,F,N-7,Pimelodus_maculatus,F0614
Area_06,juin,plains,river,Winter,F,M-6,Prochilodus_lineatus,F0615
Area_06,avril,montain,river,Summer,M,J-3,Rhamdia_quelen,F0616
Area_04,mai,montain,estuary,Winter,M,H-1,Geophagus_brasiliensis,F0617
Area_07,mai,plains,estuary,Spring,M,I-2,Astyanax_fasciatus,F0618
Area_06,octobre,pothole,estuary,Winter,F,N-7,Prochilodus_lineatus,F0619
Area_06,aout,valley,lake,Summer,F,J-3,Leporinus_friderici,F0620
Area_06,juin,valley,lake,Winter,M,L-5,Prochilodus_lineatus,F0621
Area_02,octobre,valley,fast-stream,Winter,M,H-1,Astyanax_fasciatus,F0622
Area_02,juillet,pothole,lake,Winter,F,K-4,Prochilodus_lineatus,F0623
Area_08,mars,plains,river,Spring,M,J-3,Cichla_ocellaris,F0624
Area_08,janvier,plains,fast-stream,Summer,M,I-2,Rhamdia_quelen,F0625
Area_03,fevrier,valley,river,Summer,F,I-2,Astyanax_fasciatus,F0626
Area_05,octobre,pothole,slow-stream,Summer,M,H-1,Rhamdia_quelen,F0627
Area_01,mai,montain,fast-stream,Autumn,M,I-2,Rhamdia_quelen,F0628
Area_07,mai,valley,estuary,Autumn,F,H-1,Cichla_ocellaris,F0629
Area_03,juillet,montain,river,Winter,M,J-3,Prochilodus_lineatus,F0630
Area_07,janvier,valley,marine,Spring,M,J-3,Rhamdia_quelen,F0631
Area_08,janvier,valley,estuary,Autumn,M,J-3,Prochilodus_lineatus,F0632
Area_03,octobre,valley,river,Winter,M,H-1,Rhamdia_quelen,F0633
Area_02,fevrier,pothole,slow-stream,Spring,M,M-6,Geophagus_brasiliensis,F0634
Area_05,fevrier,pothole,slow-stream,Autumn,M,L-5,Cichla_ocellaris,F0635
Area_01,novembre,plains,sky,Autumn,F,L-5,Rhamdia_quelen,F0636
Area_07,novembre,pothole,fast-stream,Winter,F,M-6,Astyanax_fasciatus,F0637
Area_06,mai,montain,fast-stream,Spring,F,N-7,Cichla_ocellaris,F0638
Area_08,janvier,pothole,slow-stream,Winter,F,L-5,Prochilodus_lineatus,F0639
Area_04,mars,montain,slow-stream,Spring,M,N-7,Pimelodus_maculatus,F0640
Area_06,octobre,pothole,estuary,Spring,M,I-2,Prochilodus_lineatus,F0641
Area_08,septembre,valley,fast-stream,Summer,M,N-7,Hoplias_malabaricus,F0642
Area_07,mars,montain,sky,Spring,M,I-2,Astyanax_fasciatus,F0643
Area_04,fevrier,plains,slow-stream,Spring,F,M-6,Geophagus_brasiliensis,F0644
Area_08,decembre,pothole,fast-stream,Autumn,F,I-2,Hoplias_malabaricus,F0645
Area_01,janvier,plains,marine,Autumn,F,N-7,Geophagus_brasiliensis,F0646
Area_03,septembre,valley,river,Autumn,M,L-5,Pimelodus_maculatus,F0647
Area_04,mars,plains,river,Autumn,M,N-7,Rhamdia_quelen,F0648
Area_07,fevrier,montain,marine,Winter,F,N-7,Geophagus_brasiliensis,F0649
Area_04,septembre,montain,estuary,Winter,F,L-5,Geophagus_brasiliensis,F0650
Area_01,octobre,pothole,lake,Winter,F,N-7,Leporinus_friderici,F0651
Area_05,novembre,plains,sky,Winter,M,H-1,Leporinus_friderici,F0652
Area_03,octobre,valley,fast-stream,Summer,F,M-6,Pimelodus_maculatus,F0653
Area_07,juin,montain,estuary,Spring,F,J-3,Rhamdia_quelen,F0654
Area_04,juin,montain,estuary,Summer,F,K-4,Geophagus_brasiliensis,F0655
Area_02,aout,montain,fast-stream,Spring,M,J-3,Geophagus_brasiliensis,F0656
Area_06,decembre,pothole,marine,Spring,F,J-3,Astyanax_fasciatus,F0657
Area_08,avril,pothole,river,Summer,F,L-5,Leporinus_friderici,F0658
Area_07,fevrier,montain,slow-stream,Autumn,F,N-7,Rhamdia_quelen,F0659
Area_06,janvier,pothole,slow-stream,Autumn,F,K-4,Geophagus_brasiliensis,F0660
Area_07,fevrier,montain,river,Autumn,F,H-1,Hoplias_malabaricus,F0661
Area_03,juillet,montain,sky,Spring,F,L-5,Pimelodus_maculatus,F0662
Area_02,novembre,valley,lake,Spring,F,H-1,Prochilodus_lineatus,F0663
Area_03,juillet,montain,marine,Autumn,F,K-4,Prochilodus_lineatus,F0664
Area_03,avril,plains,fast-stream,Winter,F,N-7,Astyanax_fasciatus,F0665
Area_01,mai,pothole,sky,Spring,M,L-5,Cichla_ocellaris,F0666
Area_07,novembre,valley,fast-stream,Winter,F,K-4,Geophagus_brasiliensis,F0667
Area_05,novembre,valley,river,Autumn,M,H-1,Leporinus_friderici,F0668
Area_06,octobre,valley,slow-stream,Spring,F,M-6,Pimelodus_maculatus,F0669
Area_04,novembre,pothole,sky,Autumn,M,H-1,Astyanax_fasciatus,F0670
Area_04,decembre,plains,sky,Autumn,M,N-7,Rhamdia_quelen,F0671
Area_05,janvier,pothole,estuary,Autumn,M,L-5,Hoplias_malabaricus,F0672
Area_07,novembre,plains,marine,Summer,F,L-5,Cichla_ocellaris,F0673
Area_03,octobre,montain,fast-stream,Winter,M,J-3,Pimelodus_maculatus,F0674
Area_02,septembre,valley,sky,Autumn,M,K-4,Hoplias_malabaricus,F0675
Area_08,juillet,plains,estuary,Spring,M,H-1,Cichla_ocellaris,F0676
Area_04,mai,montain,lake,Winter,F,H-1,Cichla_ocellaris,F0677
Area_06,decembre,montain,marine,Winter,M,L-5,Hoplias_malabaricus,F0678
Area_05,juillet,valley,sky,Summer,F,M-6,Pimelodus_maculatus,F0679
Area_02,mai,pothole,lake,Autumn,M,H-1,Hoplias_malabaricus,F0680
Area_07,fevrier,plains,marine,Spring,F,N-7,Cichla_ocellaris,F0681
Area_03,aout,plains,marine,Summer,F,M-6,Prochilodus_lineatus,F0682
Area_03,juillet,montain,slow-stream,Autumn,M,N-7,Geophagus_brasiliensis,F0683
Area_06,octobre,montain,fast-stream,Summer,M,I-2,Rhamdia_quelen,F0684
Area_01,aout,valley,lake,Summer,F,J-3,Geophagus_brasiliensis,F0685
Area_06,septembre,valley,river,Spring,F,H-1,Rhamdia_quelen,F0686
Area_08,mars,montain,slow-stream,Winter,F,L-5,Pimelodus_maculatus,F0687
Area_03,juin,plains,marine,Summer,M,I-2,Hoplias_malabaricus,F0688
Area_02,juillet,pothole,lake,Spring,F,K-4,Astyanax_fasciatus,F0689
Area_03,novembre,pothole,lake,Summer,F,K-4,Prochilodus_lineatus,F0690
Area_08,novembre,montain,sky,Spring,M,M-6,Prochilodus_lineatus,F0691
Area_03,mars,pothole,marine,Winter,M,N-7,Hoplias_malabaricus,F0692
Area_01,aout,plains,estuary,Spring,F,H-1,Astyanax_fasciatus,F0693
Area_06,decembre,pothole,marine,Summer,F,M-6,Prochilodus_lineatus,F0694
Area_02,novembre,montain,slow-stream,Summer,M,J-3,Cichla_ocellaris,F0695
Area_02,novembre,valley,estuary,Autumn,F,M-6,Rhamdia_quelen,F0696
Area_08,janvier,valley,fast-stream,Autumn,F,L-5,Prochilodus_lineatus,F0697
Area_08,septembre,pothole,lake,Spring,M,K-4,Geophagus_brasiliensis,F0698
Area_02,decembre,pothole,marine,Summer,M,H-1,Prochilodus_lineatus,F0699
Area_04,decembre,plains,slow-stream,Spring,M,N-7,Leporinus_friderici,F0700
Area_06,juin,plains,lake,Winter,F,L-5,Astyanax_fasciatus,F0701
Area_01,decembre,valley,marine,Winter,F,H-1,Astyanax_fasciatus,F0702
Area_05,septembre,montain,marine,Summer,F,M-6,Geophagus_brasiliensis,F0703
Area_07,mars,plains,lake,Summer,F,K-4,Prochilodus_lineatus,F0704
Area_08,mars,plains,fast-stream,Winter,F,N-7,Rhamdia_quelen,F0705
Area_05,juin,plains,marine,Summer,F,L-5,Astyanax_fasciatus,F0706
Area_03,septembre,montain,river,Winter,F,L-5,Prochilodus_lineatus,F0707
Area_07,novembre,plains,slow-stream,Spring,F,J-3,Prochilodus_lineatus,F0708
Area_06,septembre,montain,fast-stream,Autumn,F,L-5,Pimelodus_maculatus,F0709
Area_08,mars,valley,estuary,Winter,M,H-1,Rhamdia_quelen,F0710
Area_03,decembre,valley,marine,Spring,F,J-3,Astyanax_fasciatus,F0711
Area_06,mai,pothole,marine,Spring,M,L-5,Pimelodus_maculatus,F0712
Area_05,juillet,valley,estuary,Autumn,F,J-3,Rhamdia_quelen,F0713
Area_08,fevrier,plains,fast-stream,Summer,F,L-5,Leporinus_friderici,F0714
Area_01,juin,plains,slow-stream,Summer,M,N-7,Prochilodus_lineatus,F0715
Area_04,aout,pothole,estuary,Spring,F,M-6,Astyanax_fasciatus,F0716
Area_08,mai,valley,fast-stream,Winter,M,J-3,Hoplias_malabaricus,F0717
Area_02,decembre,valley,marine,Spring,M,H-1,Rhamdia_quelen,F0718
Area_05,mars,pothole,slow-stream,Winter,F,K-4,Astyanax_fasciatus,F0719
Area_07,decembre,pothole,marine,Winter,M,H-1,Cichla_ocellaris,F0720
Area_06,octobre,pothole,river,Winter,F,L-5,Rhamdia_quelen,F0721
Area_08,mai,montain,slow-stream,Winter,M,N-7,Astyanax_fasciatus,F0722
Area_08,avril,plains,slow-stream,Spring,M,K-4,Astyanax_fasciatus,F0723
Area_04,avril,pothole,fast-stream,Spring,M,N-7,Pimelodus_maculatus,F0724
Area_06,decembre,pothole,lake,Spring,M,H-1,Astyanax_fasciatus,F0725
Area_07,juillet,plains,slow-stream,Summer,M,M-6,Hoplias_malabaricus,F0726
Area_05,novembre,valley,sky,Summer,F,J-3,Hoplias_malabaricus,F0727
Area_08,janvier,plains,fast-stream,Winter,F,J-3,Rhamdia_quelen,F0728
Area_01,decembre,montain,river,Winter,F,J-3,Leporinus_friderici,F0729
Area_02,fevrier,valley,river,Summer,M,L-5,Pimelodus_maculatus,F0730
Area_03,mai,plains,river,Summer,F,K-4,Pimelodus_maculatus,F0731
Area_01,mars,pothole,slow-stream,Spring,M,N-7,Geophagus_brasiliensis,F0732
Area_01,juillet,pothole,lake,Winter,M,I-2,Geophagus_brasiliensis,F0733
Area_03,aout,montain,slow-stream,Spring,F,I-2,Geophagus_brasiliensis,F0734
Area_07,mai,montain,marine,Winter,F,K-4,Astyanax_fasciatus,F0735
Area_02,juillet,plains,marine,Winter,M,N-7,Cichla_ocellaris,F0736
Area_04,decembre,plains,lake,Summer,M,K-4,Astyanax_fasciatus,F0737
Area_05,novembre,montain,lake,Winter,M,M-6,Leporinus_friderici,F0738
Area_08,mars,montain,sky,Autumn,M,N-7,Cichla_ocellaris,F0739
Area_07,juin,valley,lake,Autumn,F,K-4,Cichla_ocellaris,F0740
Area_07,aout,valley,estuary,Autumn,M,M-6,Rhamdia_quelen,F0741
Area_03,octobre,montain,river,Winter,F,M-6,Rhamdia_quelen,F0742
Area_04,decembre,plains,slow-stream,Winter,F,M-6,Prochilodus_lineatus,F0743
Area_05,juin,valley,marine,Autumn,F,J-3,Astyanax_fasciatus,F0744
Area_03,octobre,plains,fast-stream,Spring,F,K-4,Geophagus_brasiliensis,F0745
Area_07,aout,valley,sky,Spring,M,I-2,Cichla_ocellaris,F0746
Area_01,octobre,montain,slow-stream,Spring,M,K-4,Geophagus_brasiliensis,F0747
Area_06,juin,pothole,lake,Winter,F,I-2,Leporinus_friderici,F0748
Area_05,novembre,plains,fast-stream,Summer,F,I-2,Astyanax_fasciatus,F0749
Area_02,mars,valley,estuary,Spring,M,K-4,Rhamdia_quelen,F0750
Area_04,juillet,valley,river,Spring,F,K-4,Pimelodus_maculatus,F0751
Area_02,janvier,pothole,sky,Summer,M,K-4,Hoplias_malabaricus,F0752
Area_01,juin,plains,lake,Autumn,F,N-7,Leporinus_friderici,F0753
Area_07,mai,valley,estuary,Winter,F,N-7,Astyanax_fasciatus,F0754
Area_05,fevrier,plains,estuary,Spring,F,N-7,Hoplias_malabaricus,F0755
Area_06,juillet,valley,river,Spring,M,H-1,Leporinus_friderici,F0756
Area_02,mars,plains,sky,Winter,M,N-7,Astyanax_fasciatus,F0757
Area_05,mars,pothole,slow-stream,Summer,F,M-6,Pimelodus_maculatus,F0758
Area_06,avril,pothole,fast-stream,Winter,M,H-1,Hoplias_malabaricus,F0759
Area_01,janvier,montain,sky,Summer,F,H-1,Hoplias_malabaricus,F0760
Area_08,juin,montain,marine,Summer,F,H-1,Pimelodus_maculatus,F0761
Area_01,mai,valley,sky,Spring,F,J-3,Pimelodus_maculatus,F0762
Area_08,fevrier,valley,estuary,Winter,M,I-2,Hoplias_malabaricus,F0763
Area_06,juillet,pothole,marine,Winter,M,M-6,Hoplias_malabaricus,F0764
Area_02,octobre,plains,marine,Summer,F,I-2,Leporinus_friderici,F0765
Area_08,janvier,plains,lake,Summer,F,L-5,Pimelodus_maculatus,F0766
Area_06,mai,plains,lake,Summer,M,H-1,Rhamdia_quelen,F0767
Area_04,mai,pothole,estuary,Summer,M,J-3,Pimelodus_maculatus,F0768
Area_02,novembre,plains,marine,Winter,F,K-4,Prochilodus_lineatus,F0769
Area_08,aout,plains,fast-stream,Spring,F,L-5,Cichla_ocellaris,F0770
Area_07,mars,montain,lake,Summer,F,K-4,Pimelodus_maculatus,F0771
Area_01,janvier,pothole,river,Winter,M,H-1,Astyanax_fasciatus,F0772
Area_08,avril,montain,fast-stream,Spring,M,K-4,Leporinus_friderici,F0773
Area_01,aout,valley,fast-stream,Winter,F,H-1,Hoplias_malabaricus,F0774
Area_01,fevrier,pothole,slow-stream,Winter,M,K-4,Hoplias_malabaricus,F0775
Area_04,avril,valley,fast-stream,Summer,M,K-4,Astyanax_fasciatus,F0776
Area_01,aout,plains,sky,Summer,M,L-5,Hoplias_malabaricus,F0777
Area_03,decembre,plains,slow-stream,Winter,M,I-2,Leporinus_friderici,F0778
Area_08,aout,pothole,marine,Winter,M,I-2,Hoplias_malabaricus,F0779
Area_02,mai,valley,slow-stream,Summer,F,K-4,Leporinus_friderici,F0780
Area_01,juin,montain,slow-stream,Summer,F,K-4,Rhamdia_quelen,F0781
Area_01,juillet,valley,marine,Summer,M,M-6,Astyanax_fasciatus,F0782
Area_07,septembre,plains,lake,Summer,F,N-7,Pimelodus_maculatus,F0783
Area_07,juillet,pothole,river,Winter,M,N-7,Cichla_ocellaris,F0784
Area_05,avril,pothole,slow-stream,Summer,M,N-7,Rhamdia_quelen,F0785
Area_05,fevrier,montain,estuary,Summer,M,H-1,Prochilodus_lineatus,F0786
Area_04,decembre,valley,sky,Summer,M,J-3,Leporinus_friderici,F0787
Area_06,decembre,plains,slow-stream,Spring,M,J-3,Cichla_ocellaris,F0788
Area_04,novembre,plains,lake,Winter,M,I-2,Astyanax_fasciatus,F0789
Area_08,aout,valley,sky,Spring,M,J-3,Rhamdia_quelen,F0790
Area_07,novembre,pothole,marine,Autumn,M,K-4,Pimelodus_maculatus,F0791
Area_04,aout,montain,slow-stream,Winter,F,J-3,Cichla_ocellaris,F0792
Area_05,janvier,valley,lake,Autumn,F,L-5,Geophagus_brasiliensis,F0793
Area_04,juillet,montain,river,Autumn,F,H-1,Astyanax_fasciatus,F0794
Area_01,fevrier,plains,estuary,Summer,M,K-4,Astyanax_fasciatus,F0795
Area_03,octobre,montain,marine,Autumn,M,I-2,Cichla_ocellaris,F0796
Area_05,juin,montain,estuary,Spring,F,M-6,Cichla_ocellaris,F0797
Area_04,avril,pothole,river,Autumn,F,M-6,Astyanax_fasciatus,F0798
Area_02,juin,pothole,marine,Spring,F,K-4,Rhamdia_quelen,F0799
Area_06,octobre,montain,estuary,Summer,M,L-5,Pimelodus_maculatus,F0800
Area_07,mars,pothole,fast-stream,Spring,M,K-4,Astyanax_fasciatus,F0801
Area_01,decembre,pothole,marine,Winter,M,N-7,Cichla_ocellaris,F0802
Area_04,juin,montain,estuary,Summer,F,I-2,Pimelodus_maculatus,F0803
Area_08,novembre,montain,river,Autumn,M,L-5,Hoplias_malabaricus,F0804
Area_07,septembre,plains,slow-stream,Spring,F,L-5,Leporinus_friderici,F0805
Area_01,decembre,pothole,slow-stream,Spring,M,H-1,Astyanax_fasciatus,F0806
Area_07,decembre,pothole,marine,Autumn,M,J-3,Geophagus_brasiliensis,F0807
Area_03,aout,pothole,lake,Summer,F,N-7,Geophagus_brasiliensis,F0808
Area_01,septembre,valley,fast-stream,Summer,F,K-4,Rhamdia_quelen,F0809
Area_03,juillet,plains,slow-stream,Summer,F,H-1,Pimelodus_maculatus,F0810
Area_07,mars,plains,marine,Summer,M,M-6,Cichla_ocellaris,F0811
Area_03,aout,pothole,marine,Winter,F,N-7,Leporinus_friderici,F0812
Area_07,octobre,pothole,river,Winter,M,H-1,Leporinus_friderici,F0813
Area_07,fevrier,plains,sky,Summer,F,K-4,Astyanax_fasciatus,F0814
Area_02,aout,montain,river,Autumn,F,K-4,Leporinus_friderici,F0815
Area_03,aout,montain,estuary,Spring,F,K-4,Astyanax_fasciatus,F0816
Area_06,aout,pothole,lake,Spring,M,K-4,Rhamdia_quelen,F0817
Area_07,decembre,valley,fast-stream,Winter,F,N-7,Cichla_ocellaris,F0818
Area_04,decembre,plains,slow-stream,Spring,F,L-5,Rhamdia_quelen,F0819
Area_02,fevrier,pothole,river,Summer,F,J-3,Cichla_ocellaris,F0820
Area_01,janvier,valley,marine,Autumn,M,I-2,Prochilodus_lineatus,F0821
Area_08,septembre,valley,slow-stream,Summer,F,M-6,Rhamdia_quelen,F0822
Area_08,mai,plains,fast-stream,Spring,F,N-7,Prochilodus_lineatus,F0823
Area_05,juillet,montain,slow-stream,Spring,F,L-5,Cichla_ocellaris,F0824
Area_03,mars,montain,fast-stream,Summer,M,I-2,Astyanax_fasciatus,F0825
Area_04,juin,plains,fast-stream,Spring,M,L-5,Hoplias_malabaricus,F0826
Area_08,aout,plains,river,Autumn,M,I-2,Leporinus_friderici,F0827
Area_05,septembre,valley,slow-stream,Winter,M,H-1,Leporinus_friderici,F0828
Area_06,mars,montain,sky,Summer,M,M-6,Hoplias_malabaricus,F0829
Area_05,novembre,plains,marine,Autumn,M,N-7,Prochilodus_lineatus,F0830
Area_06,novembre,montain,fast-stream,Summer,M,L-5,Geophagus_brasiliensis,F0831
Area_04,decembre,pothole,sky,Autumn,M,K-4,Astyanax_fasciatus,F0832
Area_06,janvier,pothole,lake,Autumn,M,I-2,Hoplias_malabaricus,F0833
Area_01,aout,plains,estuary,Summer,F,M-6,Rhamdia_quelen,F0834
Area_01,juillet,valley,lake,Summer,M,H-1,Astyanax_fasciatus,F0835
Area_04,mai,pothole,lake,Autumn,F,I-2,Astyanax_fasciatus,F0836
Area_06,mars,montain,fast-stream,Spring,M,M-6,Cichla_ocellaris,F0837
Area_08,juillet,valley,lake,Winter,F,H-1,Astyanax_fasciatus,F0838
Area_03,avril,pothole,sky,Summer,F,J-3,Prochilodus_lineatus,F0839
Area_05,septembre,plains,slow-stream,Summer,F,J-3,Hoplias_malabaricus,F0840
Area_02,mai,pothole,slow-stream,Winter,M,L-5,Pimelodus_maculatus,F0841
Area_01,decembre,plains,sky,Winter,F,J-3,Hoplias_malabaricus,F0842
Area_04,septembre,pothole,marine,Spring,M,N-7,Rhamdia_quelen,F0843
Area_04,juillet,pothole,estuary,Summer,F,M-6,Rhamdia_quelen,F0844
Area_06,decembre,pothole,river,Summer,M,M-6,Astyanax_fasciatus,F0845
Area_04,septembre,pothole,lake,Winter,F,H-1,Prochilodus_lineatus,F0846
Area_03,septembre,pothole,river,Autumn,F,M-6,Astyanax_fasciatus,F0847
Area_02,juillet,valley,marine,Winter,M,H-1,Rhamdia_quelen,F0848
Area_02,avril,montain,marine,Autumn,F,I-2,Cichla_ocellaris,F0849
Area_03,mars,pothole,river,Winter,M,N-7,Leporinus_friderici,F0850
Area_05,septembre,plains,marine,Summer,M,J-3,Pimelodus_maculatus,F0851
Area_06,fevrier,montain,lake,Summer,F,H-1,Geophagus_brasiliensis,F0852
Area_04,aout,plains,marine,Spring,M,H-1,Prochilodus_lineatus,F0853
Area_03,janvier,pothole,fast-stream,Summer,F,H-1,Astyanax_fasciatus,F0854
Area_03,decembre,plains,river,Autumn,M,H-1,Geophagus_brasiliensis,F0855
Area_01,octobre,valley,estuary,Autumn,F,L-5,Astyanax_fasciatus,F0856
Area_07,juillet,plains,estuary,Summer,F,L-5,Geophagus_brasiliensis,F0857
Area_05,fevrier,valley,lake,Spring,M,H-1,Pimelodus_maculatus,F0858
Area_05,octobre,pothole,slow-stream,Autumn,M,M-6,Cichla_ocellaris,F0859
Area_07,mars,valley,fast-stream,Autumn,M,H-1,Hoplias_malabaricus,F0860
Area_01,fevrier,pothole,fast-stream,Summer,M,L-5,Hoplias_malabaricus,F0861
Area_01,mai,plains,fast-stream,Spring,F,K-4,Prochilodus_lineatus,F0862
Area_07,aout,valley,river,Spring,M,M-6,Leporinus_friderici,F0863
Area_08,janvier,pothole,estuary,Spring,F,J-3,Astyanax_fasciatus,F0864
Area_01,janvier,montain,fast-stream,Winter,M,M-6,Cichla_ocellaris,F0865
Area_05,aout,montain,river,Winter,M,L-5,Leporinus_friderici,F0866
Area_05,fevrier,pothole,estuary,Spring,F,K-4,Leporinus_friderici,F0867
Area_08,aout,plains,marine,Winter,F,L-5,Leporinus_friderici,F0868
Area_08,mars,plains,marine,Summer,F,N-7,Cichla_ocellaris,F0869
Area_04,avril,pothole,lake,Spring,F,I-2,Rhamdia_quelen,F0870
Area_02,juillet,valley,sky,Summer,M,N-7,Hoplias_malabaricus,F0871
Area_06,fevrier,valley,lake,Winter,M,N-7,Hoplias_malabaricus,F0872
Area_02,decembre,valley,slow-stream,Summer,M,L-5,Leporinus_friderici,F0873
Area_04,avril,plains,marine,Summer,M,N-7,Hoplias_malabaricus,F0874
Area_02,janvier,pothole,slow-stream,Spring,M,J-3,Astyanax_fasciatus,F0875
Area_07,mars,plains,sky,Autumn,F,I-2,Prochilodus_lineatus,F0876
Area_07,juillet,montain,lake,Winter,M,K-4,Pimelodus_maculatus,F0877
Area_06,aout,plains,fast-stream,Autumn,M,M-6,Leporinus_friderici,F0878
Area_08,mars,plains,fast-stream,Spring,M,I-2,Prochilodus_lineatus,F0879
Area_01,juillet,montain,river,Autumn,F,N-7,Astyanax_fasciatus,F0880
Area_08,decembre,plains,marine,Spring,F,N-7,Prochilodus_lineatus,F0881
Area_03,fevrier,plains,slow-stream,Autumn,M,K-4,Cichla_ocellaris,F0882
Area_05,fevrier,pothole,river,Autumn,F,J-3,Hoplias_malabaricus,F0883
Area_03,septembre,valley,estuary,Autumn,M,K-4,Leporinus_friderici,F0884
Area_07,octobre,montain,marine,Spring,M,J-3,Prochilodus_lineatus,F0885
Area_07,juillet,montain,slow-stream,Autumn,M,K-4,Hoplias_malabaricus,F0886
Area_01,janvier,montain,fast-stream,Winter,M,K-4,Leporinus_friderici,F0887
Area_08,novembre,pothole,sky,Spring,M,J-3,Astyanax_fasciatus,F0888
Area_02,fevrier,plains,sky,Spring,M,H-1,Leporinus_friderici,F0889
Area_07,novembre,valley,slow-stream,Summer,F,J-3,Cichla_ocellaris,F0890
Area_07,septembre,pothole,marine,Spring,F,J-3,Rhamdia_quelen,F0891
Area_04,septembre,plains,fast-stream,Summer,M,M-6,Rhamdia_quelen,F0892
Area_04,janvier,plains,river,Autumn,F,H-1,Geophagus_brasiliensis,F0893
Area_01,juin,plains,lake,Autumn,F,N-7,Hoplias_malabaricus,F0894
Area_05,juin,montain,sky,Summer,M,J-3,Prochilodus_lineatus,F0895
Area_01,septembre,pothole,marine,Spring,M,L-5,Astyanax_fasciatus,F0896
Area_04,juillet,plains,fast-stream,Autumn,F,H-1,Geophagus_brasiliensis,F0897
Area_03,septembre,pothole,lake,Autumn,F,I-2,Hoplias_malabaricus,F0898
Area_07,decembre,pothole,marine,Spring,F,I-2,Astyanax_fasciatus,F0899
Area_04,mars,pothole,sky,Summer,F,K-4,Prochilodus_lineatus,F0900
Area_08,aout,pothole,fast-stream,Spring,M,H-1,Pimelodus_maculatus,F0901
Area_08,octobre,montain,sky,Winter,M,K-4,Rhamdia_quelen,F0902
Area_05,juin,valley,lake,Winter,F,M-6,Astyanax_fasciatus,F0903
Area_05,octobre,pothole,estuary,Winter,F,J-3,Leporinus_friderici,F0904
Area_08,decembre,valley,estuary,Autumn,F,L-5,Cichla_ocellaris,F0905
Area_06,septembre,pothole,slow-stream,Summer,M,N-7,Pimelodus_maculatus,F0906
Area_04,septembre,plains,estuary,Spring,M,L-5,Pimelodus_maculatus,F0907
Area_03,avril,pothole,sky,Spring,F,J-3,Geophagus_brasiliensis,F0908
Area_03,septembre,montain,sky,Summer,M,J-3,Prochilodus_lineatus,F0909
Area_02,septembre,valley,slow-stream,Autumn,M,I-2,Geophagus_brasiliensis,F0910
Area_08,mai,plains,slow-stream,Summer,M,L-5,Leporinus_friderici,F0911
Area_05,janvier,pothole,slow-stream,Autumn,M,N-7,Pimelodus_maculatus,F0912
Area_07,fevrier,plains,slow-stream,Winter,M,H-1,Rhamdia_quelen,F0913
Area_05,mars,valley,estuary,Winter,M,N-7,Hoplias_malabaricus,F0914
Area_08,mai,montain,fast-stream,Spring,F,L-5,Leporinus_friderici,F0915
Area_08,aout,plains,slow-stream,Summer,F,L-5,Pimelodus_maculatus,F0916
Area_01,novembre,plains,marine,Spring,M,M-6,Hoplias_malabaricus,F0917
Area_03,janvier,montain,fast-stream,Summer,F,H-1,Hoplias_malabaricus,F0918
Area_02,juillet,valley,estuary,Summer,M,M-6,Pimelodus_maculatus,F0919
Area_07,octobre,valley,fast-stream,Summer,M,I-2,Prochilodus_lineatus,F0920
Area_03,mai,pothole,lake,Autumn,M,J-3,Cichla_ocellaris,F0921
Area_04,juillet,pothole,sky,Winter,M,I-2,Leporinus_friderici,F0922
Area_07,novembre,montain,river,Summer,M,N-7,Cichla_ocellaris,F0923
Area_02,septembre,valley,lake,Spring,M,J-3,Prochilodus_lineatus,F0924
Area_05,octobre,pothole,lake,Spring,F,M-6,Prochilodus_lineatus,F0925
Area_03,fevrier,montain,river,Autumn,F,N-7,Astyanax_fasciatus,F0926
Area_08,decembre,valley,lake,Autumn,F,M-6,Hoplias_malabaricus,F0927
Area_08,juin,valley,sky,Autumn,F,J-3,Cichla_ocellaris,F0928
Area_03,decembre,valley,river,Spring,M,L-5,Prochilodus_lineatus,F0929
Area_02,mars,plains,river,Summer,F,J-3,Rhamdia_quelen,F0930
Area_02,decembre,pothole,estuary,Summer,M,K-4,Leporinus_friderici,F0931
Area_08,mars,pothole,marine,Summer,F,N-7,Cichla_ocellaris,F0932
Area_08,aout,plains,river,Winter,F,H-1,Geophagus_brasiliensis,F0933
Area_04,juillet,pothole,river,Spring,F,N-7,Hoplias_malabaricus,F0934
Area_02,decembre,montain,slow-stream,Winter,F,M-6,Hoplias_malabaricus,F0935
Area_08,fevrier,valley,river,Autumn,F,N-7,Rhamdia_quelen,F0936
Area_07,mai,plains,slow-stream,Summer,M,J-3,Geophagus_brasiliensis,F0937
Area_07,juin,valley,marine,Spring,M,M-6,Geophagus_brasiliensis,F0938
Area_06,mars,valley,river,Winter,M,K-4,Cichla_ocellaris,F0939
Area_01,novembre,pothole,fast-stream,Autumn,M,M-6,Prochilodus_lineatus,F0940
Area_04,decembre,valley,marine,Summer,F,N-7,Astyanax_fasciatus,F0941
Area_08,novembre,pothole,sky,Autumn,M,K-4,Hoplias_malabaricus,F0942
Area_01,janvier,valley,lake,Winter,F,K-4,Pimelodus_maculatus,F0943
Area_05,novembre,pothole,marine,Winter,M,I-2,Pimelodus_maculatus,F0944
Area_02,septembre,plains,marine,Autumn,F,L-5,Rhamdia_quelen,F0945
Area_05,aout,plains,lake,Winter,F,N-7,Rhamdia_quelen,F0946
Area_02,septembre,plains,slow-stream,Spring,M,L-5,Cichla_ocellaris,F0947
Area_02,janvier,montain,fast-stream,Winter,M,J-3,Rhamdia_quelen,F0948
Area_07,decembre,plains,lake,Autumn,F,M-6,Hoplias_malabaricus,F0949
Area_07,aout,pothole,sky,Summer,M,K-4,Astyanax_fasciatus,F0950
Area_07,aout,pothole,sky,Spring,M,I-2,Leporinus_friderici,F0951
Area_08,novembre,montain,estuary,Winter,M,L-5,Rhamdia_quelen,F0952
Area_03,decembre,plains,slow-stream,Winter,F,K-4,Pimelodus_maculatus,F0953
Area_02,aout,valley,sky,Spring,F,K-4,Leporinus_friderici,F0954
Area_06,octobre,plains,river,Autumn,M,K-4,Geophagus_brasiliensis,F0955
Area_06,octobre,montain,lake,Summer,F,L-5,Pimelodus_maculatus,F0956
Area_03,aout,montain,estuary,Winter,F,L-5,Hoplias_malabaricus,F0957
Area_07,aout,valley,fast-stream,Autumn,M,K-4,Astyanax_fasciatus,F0958
Area_03,decembre,montain,sky,Spring,F,N-7,Cichla_ocellaris,F0959
Area_01,aout,montain,lake,Summer,F,K-4,Geophagus_brasiliensis,F0960
Area_07,fevrier,pothole,fast-stream,Summer,F,M-6,Geophagus_brasiliensis,F0961
Area_01,fevrier,plains,slow-stream,Summer,F,M-6,Leporinus_friderici,F0962
Area_07,novembre,valley,fast-stream,Summer,F,J-3,Cichla_ocellaris,F0963
Area_06,fevrier,valley,slow-stream,Autumn,F,L-5,Leporinus_friderici,F0964
Area_08,decembre,valley,estuary,Summer,F,J-3,Leporinus_friderici,F0965
Area_08,mars,montain,fast-stream,Summer,M,J-3,Cichla_ocellaris,F0966
Area_05,fevrier,plains,fast-stream,Winter,F,H-1,Pimelodus_maculatus,F0967
Area_01,septembre,pothole,slow-stream,Winter,M,H-1,Geophagus_brasiliensis,F0968
Area_05,septembre,plains,fast-stream,Winter,F,N-7,Astyanax_fasciatus,F0969
Area_07,juillet,montain,fast-stream,Summer,M,N-7,Pimelodus_maculatus,F0970
Area_08,mai,plains,fast-stream,Winter,M,H-1,Cichla_ocellaris,F0971
Area_01,octobre,pothole,river,Spring,F,L-5,Rhamdia_quelen,F0972
Area_02,juin,montain,river,Summer,F,M-6,Cichla_ocellaris,F0973
Area_08,fevrier,pothole,estuary,Spring,F,H-1,Rhamdia_quelen,F0974
Area_01,janvier,valley,slow-stream,Winter,M,J-3,Cichla_ocellaris,F0975
Area_03,novembre,valley,fast-stream,Winter,F,J-3,Pimelodus_maculatus,F0976
Area_08,decembre,montain,lake,Autumn,F,I-2,Leporinus_friderici,F0977
Area_03,fevrier,valley,sky,Spring,M,H-1,Prochilodus_lineatus,F0978
Area_04,fevrier,valley,fast-stream,Winter,F,M-6,Leporinus_friderici,F0979
Area_07,octobre,plains,slow-stream,Spring,F,I-2,Rhamdia_quelen,F0980
Area_08,novembre,plains,sky,Summer,F,M-6,Leporinus_friderici,F0981
Area_02,mai,pothole,sky,Summer,M,K-4,Leporinus_friderici,F0982
Area_04,aout,plains,lake,Summer,M,I-2,Rhamdia_quelen,F0983
Area_03,novembre,montain,fast-stream,Summer,M,N-7,Geophagus_brasiliensis,F0984
Area_06,mars,plains,sky,Summer,M,L-5,Geophagus_brasiliensis,F0985
Area_01,fevrier,plains,lake,Winter,F,I-2,Rhamdia_quelen,F0986
Area_03,novembre,pothole,estuary,Autumn,F,L-5,Prochilodus_lineatus,F0987
Area_04,aout,pothole,fast-stream,Winter,F,M-6,Geophagus_brasiliensis,F0988
Area_02,novembre,plains,fast-stream,Winter,F,J-3,Geophagus_brasiliensis,F0989
Area_06,septembre,valley,fast-stream,Autumn,M,L-5,Geophagus_brasiliensis,F0990
Area_05,septembre,pothole,sky,Autumn,F,J-3,Rhamdia_quelen,F0991
Area_02,juillet,montain,fast-stream,Summer,M,K-4,Prochilodus_lineatus,F0992
Area_01,novembre,valley,fast-stream,Spring,M,J-3,Cichla_ocellaris,F0993
Area_02,fevrier,plains,marine,Spring,M,I-2,Astyanax_fasciatus,F0994
Area_03,decembre,plains,marine,Spring,F,J-3,Rhamdia_quelen,F0995
Area_03,mai,plains,lake,Winter,F,J-3,Leporinus_friderici,F0996
Area_02,septembre,plains,marine,Summer,F,M-6,Prochilodus_lineatus,F0997
Area_02,mars,plains,fast-stream,Autumn,F,J-3,Leporinus_friderici,F0998
Area_08,octobre,pothole,marine,Summer,M,H-1,Hoplias_malabaricus,F0999
Area_04,septembre,pothole,river,Summer,M,L-5,Prochilodus_lineatus,F1000
Area_05,mai,pothole,sky,Summer,M,N-7,Geophagus_brasiliensis,F1001
Area_08,aout,montain,lake,Summer,F,J-3,Pimelodus_maculatus,F1002
Area_02,decembre,valley,marine,Summer,F,N-7,Leporinus_friderici,F1003
Area_03,fevrier,montain,sky,Spring,M,H-1,Hoplias_malabaricus,F1004
Area_06,juin,montain,marine,Summer,M,M-6,Rhamdia_quelen,F1005
Area_07,aout,plains,slow-stream,Autumn,M,H-1,Leporinus_friderici,F1006
Area_01,novembre,plains,river,Winter,F,K-4,Cichla_ocellaris,F1007
Area_08,novembre,pothole,estuary,Spring,F,M-6,Cichla_ocellaris,F1008
Area_06,juin,valley,marine,Winter,M,N-7,Prochilodus_lineatus,F1009
Area_07,decembre,valley,marine,Spring,F,H-1,Leporinus_friderici,F1010
Area_05,octobre,pothole,lake,Winter,M,N-7,Pimelodus_maculatus,F1011
Area_08,juin,valley,marine,Autumn,F,K-4,Geophagus_brasiliensis,F1012
Area_06,avril,valley,sky,Spring,F,H-1,Prochilodus_lineatus,F1013
Area_03,janvier,pothole,marine,Winter,M,I-2,Cichla_ocellaris,F1014
Area_02,novembre,pothole,marine,Autumn,M,J-3,Hoplias_malabaricus,F1015
Area_01,aout,valley,fast-stream,Spring,M,I-2,Cichla_ocellaris,F1016
Area_07,septembre,plains,lake,Winter,M,K-4,Hoplias_malabaricus,F1017
Area_07,juin,montain,river,Autumn,M,M-6,Astyanax_fasciatus,F1018
Area_04,novembre,valley,marine,Winter,M,K-4,Hoplias_malabaricus,F1019
Area_04,juin,plains,sky,Winter,M,I-2,Hoplias_malabaricus,F1020
Area_03,fevrier,valley,slow-stream,Autumn,M,H-1,Pimelodus_maculatus,F1021
Area_01,septembre,montain,marine,Autumn,M,N-7,Cichla_ocellaris,F1022
Area_08,decembre,pothole,marine,Autumn,F,H-1,Hoplias_malabaricus,F1023
Area_07,aout,plains,estuary,Winter,F,J-3,Prochilodus_lineatus,F1024
Area_06,mars,plains,slow-stream,Summer,M,J-3,Prochilodus_lineatus,F1025
Area_06,octobre,valley,fast-stream,Autumn,M,M-6,Cichla_ocellaris,F1026
Area_02,mars,valley,marine,Autumn,M,N-7,Geophagus_brasiliensis,F1027
Area_03,decembre,montain,fast-stream,Spring,M,N-7,Cichla_ocellaris,F1028
Area_01,septembre,valley,marine,Winter,M,M-6,Geophagus_brasiliensis,F1029
Area_01,juin,montain,marine,Summer,M,M-6,Leporinus_friderici,F1030
Area_02,juillet,pothole,fast-stream,Autumn,M,N-7,Prochilodus_lineatus,F1031
Area_02,octobre,plains,fast-stream,Autumn,F,K-4,Leporinus_friderici,F1032
Area_04,juillet,valley,river,Spring,M,K-4,Geophagus_brasiliensis,F1033
Area_03,mai,montain,river,Summer,F,L-5,Astyanax_fasciatus,F1034
Area_02,septembre,plains,river,Summer,M,K-4,Cichla_ocellaris,F1035
Area_02,novembre,plains,river,Autumn,F,H-1,Geophagus_brasiliensis,F1036
Area_05,mai,pothole,marine,Spring,F,L-5,Geophagus_brasiliensis,F1037
Area_07,avril,montain,marine,Spring,M,M-6,Astyanax_fasciatus,F1038
Area_01,octobre,montain,sky,Summer,M,H-1,Geophagus_brasiliensis,F1039
Area_07,juillet,montain,sky,Summer,F,J-3,Cichla_ocellaris,F1040
Area_03,mars,valley,marine,Spring,M,L-5,Leporinus_friderici,F1041
Area_07,mars,montain,fast-stream,Winter,M,L-5,Rhamdia_quelen,F1042
Area_07,mars,pothole,marine,Spring,M,I-2,Pimelodus_maculatus,F1043
Area_02,juillet,montain,estuary,Winter,F,L-5,Leporinus_friderici,F1044
Area_02,mai,montain,river,Winter,F,K-4,Geophagus_brasiliensis,F1045
Area_04,novembre,valley,marine,Winter,F,I-2,Rhamdia_quelen,F1046
Area_04,juin,plains,marine,Winter,M,L-5,Prochilodus_lineatus,F1047
Area_04,fevrier,plains,fast-stream,Autumn,M,L-5,Pimelodus_maculatus,F1048
Area_05,avril,plains,fast-stream,Spring,F,N-7,Astyanax_fasciatus,F1049
Area_05,juin,valley,fast-stream,Autumn,M,J-3,Rhamdia_quelen,F1050
Area_08,juin,valley,estuary,Winter,F,I-2,Pimelodus_maculatus,F1051
Area_04,octobre,pothole,river,Summer,M,L-5,Prochilodus_lineatus,F1052
Area_04,mai,pothole,marine,Spring,M,M-6,Cichla_ocellaris,F1053
Area_07,decembre,plains,river,Spring,M,M-6,Astyanax_fasciatus,F1054
Area_02,avril,valley,slow-stream,Spring,F,K-4,Hoplias_malabaricus,F1055
Area_05,mars,pothole,sky,Spring,M,K-4,Hoplias_malabaricus,F1056
Area_02,juillet,montain,lake,Autumn,F,L-5,Astyanax_fasciatus,F1057
Area_02,novembre,valley,marine,Summer,M,N-7,Cichla_ocellaris,F1058
Area_04,juin,pothole,lake,Summer,F,K-4,Hoplias_malabaricus,F1059
Area_06,fevrier,montain,sky,Winter,M,J-3,Prochilodus_lineatus,F1060
Area_08,septembre,valley,slow-stream,Spring,F,I-2,Cichla_ocellaris,F1061
Area_05,novembre,valley,fast-stream,Spring,M,K-4,Geophagus_brasiliensis,F1062
Area_03,juillet,plains,estuary,Summer,F,M-6,Hoplias_malabaricus,F1063
Area_03,aout,plains,slow-stream,Winter,M,L-5,Prochilodus_lineatus,F1064
Area_06,aout,plains,river,Autumn,F,H-1,Pimelodus_maculatus,F1065
Area_02,novembre,pothole,slow-stream,Spring,M,L-5,Astyanax_fasciatus,F1066
Area_02,juin,montain,lake,Spring,F,I-2,Astyanax_fasciatus,F1067
Area_01,mai,montain,estuary,Spring,F,J-3,Cichla_ocellaris,F1068
Area_03,septembre,valley,marine,Summer,M,N-7,Cichla_ocellaris,F1069
Area_05,septembre,montain,fast-stream,Winter,F,J-3,Rhamdia_quelen,F1070
Area_06,mai,valley,lake,Autumn,M,L-5,Cichla_ocellaris,F1071
Area_03,decembre,plains,fast-stream,Summer,F,L-5,Prochilodus_lineatus,F1072
Area_08,octobre,plains,river,Summer,M,N-7,Cichla_ocellaris,F1073
Area_05,janvier,montain,lake,Autumn,F,K-4,Cichla_ocellaris,F1074
Area_01,octobre,plains,estuary,Winter,F,N-7,Pimelodus_maculatus,F1075
Area_02,fevrier,valley,river,Summer,F,L-5,Hoplias_malabaricus,F1076
Area_04,mars,valley,fast-stream,Spring,F,I-2,Leporinus_friderici,F1077
Area_03,juillet,montain,marine,Spring,M,M-6,Geophagus_brasiliensis,F1078
Area_05,juin,pothole,sky,Spring,F,L-5,Leporinus_friderici,F1079
Area_06,decembre,plains,slow-stream,Summer,M,K-4,Astyanax_fasciatus,F1080
Area_08,juin,montain,fast-stream,Winter,M,H-1,Astyanax_fasciatus,F1081
Area_05,fevrier,pothole,slow-stream,Summer,M,I-2,Pimelodus_maculatus,F1082
Area_05,janvier,montain,fast-stream,Spring,M,N-7,Prochilodus_lineatus,F1083
Area_07,mars,montain,estuary,Spring,M,N-7,Astyanax_fasciatus,F1084
Area_04,septembre,plains,slow-stream,Spring,M,H-1,Prochilodus_lineatus,F1085
Area_03,fevrier,plains,fast-stream,Winter,M,J-3,Hoplias_malabaricus,F1086
Area_07,octobre,pothole,marine,Winter,F,K-4,Hoplias_malabaricus,F1087
Area_03,decembre,pothole,lake,Autumn,M,H-1,Geophagus_brasiliensis,F1088
Area_07,aout,valley,estuary,Spring,F,I-2,Cichla_ocellaris,F1089
Area_02,aout,montain,fast-stream,Summer,M,L-5,Rhamdia_quelen,F1090
Area_07,decembre,plains,lake,Winter,F,H-1,Astyanax_fasciatus,F1091
Area_02,septembre,pothole,estuary,Autumn,M,J-3,Hoplias_malabaricus,F1092
Area_07,avril,pothole,river,Spring,F,M-6,Prochilodus_lineatus,F1093
Area_02,avril,pothole,lake,Summer,M,I-2,Cichla_ocellaris,F1094
Area_07,janvier,valley,slow-stream,Spring,M,K-4,Astyanax_fasciatus,F1095
Area_02,novembre,valley,marine,Autumn,M,L-5,Hoplias_malabaricus,F1096
Area_02,fevrier,valley,lake,Spring,F,K-4,Leporinus_friderici,F1097
Area_03,novembre,valley,river,Autumn,F,J-3,Geophagus_brasiliensis,F1098
Area_08,juillet,plains,lake,Autumn,M,I-2,Astyanax_fasciatus,F1099
Area_06,novembre,pothole,lake,Summer,F,I-2,Leporinus_friderici,F1100
Area_01,aout,plains,estuary,Summer,F,I-2,Pimelodus_maculatus,F1101
Area_07,septembre,plains,river,Winter,F,I-2,Rhamdia_quelen,F1102
Area_01,mai,valley,slow-stream,Summer,F,J-3,Prochilodus_lineatus,F1103
Area_07,mai,valley,marine,Summer,F,N-7,Hoplias_malabaricus,F1104
Area_06,juin,montain,marine,Spring,F,N-7,Prochilodus_lineatus,F1105
Area_08,octobre,valley,sky,Spring,F,J-3,Pimelodus_maculatus,F1106
Area_01,janvier,valley,lake,Spring,F,L-5,Pimelodus_maculatus,F1107
Area_01,decembre,montain,estuary,Autumn,F,K-4,Astyanax_fasciatus,F1108
Area_03,octobre,pothole,river,Autumn,F,J-3,Cichla_ocellaris,F1109
Area_01,mai,plains,river,Autumn,M,L-5,Astyanax_fasciatus,F1110
Area_02,juin,montain,sky,Autumn,M,L-5,Rhamdia_quelen,F1111
Area_03,mai,valley,river,Spring,M,N-7,Pimelodus_maculatus,F1112
Area_04,janvier,valley,slow-stream,Spring,M,M-6,Cichla_ocellaris,F1113
Area_08,octobre,plains,lake,Summer,F,J-3,Leporinus_friderici,F1114
Area_04,mai,montain,marine,Winter,M,M-6,Rhamdia_quelen,F1115
Area_03,novembre,valley,estuary,Autumn,M,H-1,Rhamdia_quelen,F1116
Area_04,decembre,valley,lake,Summer,F,J-3,Rhamdia_quelen,F1117
Area_02,novembre,valley,lake,Autumn,F,H-1,Prochilodus_lineatus,F1118
Area_06,aout,montain,river,Spring,M,H-1,Geophagus_brasiliensis,F1119
Area_06,aout,plains,slow-stream,Winter,M,J-3,Pimelodus_maculatus,F1120
Area_03,janvier,pothole,marine,Autumn,M,N-7,Hoplias_malabaricus,F1121
Area_04,juillet,plains,lake,Autumn,M,H-1,Rhamdia_quelen,F1122
Area_07,mars,plains,marine,Winter,F,N-7,Cichla_ocellaris,F1123
Area_03,octobre,montain,fast-stream,Winter,M,I-2,Rhamdia_quelen,F1124
Area_06,decembre,valley,sky,Spring,F,N-7,Leporinus_friderici,F1125
Area_04,avril,pothole,estuary,Summer,M,J-3,Prochilodus_lineatus,F1126
Area_05,juillet,montain,slow-stream,Spring,F,M-6,Leporinus_friderici,F1127
Area_07,juillet,valley,estuary,Spring,M,L-5,Pimelodus_maculatus,F1128
Area_07,juillet,plains,marine,Winter,F,K-4,Cichla_ocellaris,F1129
Area_07,juin,montain,lake,Spring,F,I-2,Cichla_ocellaris,F1130
Area_07,septembre,valley,marine,Spring,F,I-2,Prochilodus_lineatus,F1131
Area_07,decembre,pothole,marine,Spring,M,J-3,Astyanax_fasciatus,F1132
Area_07,avril,pothole,slow-stream,Summer,F,H-1,Prochilodus_lineatus,F1133
Area_08,septembre,valley,river,Winter,M,M-6,Astyanax_fasciatus,F1134
Area_08,decembre,valley,slow-stream,Autumn,M,I-2,Rhamdia_quelen,F1135
Area_01,mars,montain,sky,Summer,F,K-4,Cichla_ocellaris,F1136
Area_05,mars,pothole,estuary,Summer,F,I-2,Geophagus_brasiliensis,F1137
Area_04,aout,valley,sky,Spring,F,H-1,Astyanax_fasciatus,F1138
Area_05,septembre,pothole,fast-stream,Autumn,F,N-7,Hoplias_malabaricus,F1139
Area_01,decembre,montain,lake,Winter,M,H-1,Hoplias_malabaricus,F1140
Area_01,janvier,plains,slow-stream,Autumn,M,I-2,Rhamdia_quelen,F1141
Area_06,novembre,valley,estuary,Winter,F,J-3,Hoplias_malabaricus,F1142
Area_01,avril,plains,slow-stream,Summer,F,I-2,Rhamdia_quelen,F1143
Area_02,octobre,montain,slow-stream,Winter,M,M-6,Leporinus_friderici,F1144
Area_02,janvier,plains,slow-stream,Autumn,F,H-1,Rhamdia_quelen,F1145
Area_08,octobre,valley,river,Winter,M,H-1,Prochilodus_lineatus,F1146
Area_04,mai,pothole,fast-stream,Spring,M,I-2,Astyanax_fasciatus,F1147
Area_08,novembre,plains,marine,Summer,F,L-5,Pimelodus_maculatus,F1148
Area_08,septembre,valley,estuary,Winter,M,M-6,Geophagus_brasiliensis,F1149
Area_08,decembre,valley,lake,Winter,F,L-5,Rhamdia_quelen,F1150
Area_07,mai,plains,marine,Autumn,F,M-6,Rhamdia_quelen,F1151
Area_08,aout,montain,marine,Spring,M,K-4,Leporinus_friderici,F1152
Area_07,avril,pothole,fast-stream,Winter,M,M-6,Geophagus_brasiliensis,F1153
Area_01,decembre,valley,estuary,Winter,M,L-5,Leporinus_friderici,F1154
Area_06,fevrier,montain,fast-stream,Winter,M,L-5,Geophagus_brasiliensis,F1155
Area_02,janvier,plains,marine,Autumn,F,N-7,Astyanax_fasciatus,F1156
Area_01,mars,plains,estuary,Summer,M,L-5,Pimelodus_maculatus,F1157
Area_08,novembre,valley,marine,Winter,F,N-7,Hoplias_malabaricus,F1158
Area_03,juillet,montain,fast-stream,Spring,M,N-7,Prochilodus_lineatus,F1159
Area_03,novembre,valley,sky,Spring,M,L-5,Prochilodus_lineatus,F1160
Area_08,aout,pothole,estuary,Winter,M,L-5,Cichla_ocellaris,F1161
Area_06,mai,montain,slow-stream,Spring,M,N-7,Leporinus_friderici,F1162
Area_01,fevrier,valley,lake,Autumn,M,J-3,Geophagus_brasiliensis,F1163
Area_04,septembre,valley,marine,Autumn,M,K-4,Leporinus_friderici,F1164
Area_03,octobre,valley,fast-stream,Winter,F,H-1,Geophagus_brasiliensis,F1165
Area_06,mai,pothole,slow-stream,Summer,F,L-5,Cichla_ocellaris,F1166
Area_05,decembre,plains,sky,Spring,M,K-4,Geophagus_brasiliensis,F1167
Area_07,juin,plains,sky,Spring,F,M-6,Rhamdia_quelen,F1168
Area_08,octobre,valley,estuary,Spring,M,I-2,Leporinus_friderici,F1169
Area_02,decembre,pothole,sky,Summer,F,J-3,Astyanax_fasciatus,F1170
Area_08,juin,pothole,sky,Autumn,F,I-2,Pimelodus_maculatus,F1171
Area_06,juillet,valley,fast-stream,Summer,M,N-7,Rhamdia_quelen,F1172
Area_08,novembre,montain,marine,Winter,F,N-7,Leporinus_friderici,F1173
Area_04,avril,pothole,sky,Autumn,F,K-4,Astyanax_fasciatus,F1174
Area_08,juin,montain,sky,Summer,F,N-7,Prochilodus_lineatus,F1175
Area_02,juin,plains,river,Spring,M,I-2,Leporinus_friderici,F1176
Area_06,novembre,valley,river,Summer,M,H-1,Prochilodus_lineatus,F1177
Area_02,septembre,pothole,slow-stream,Winter,M,M-6,Geophagus_brasiliensis,F1178
Area_01,mars,valley,estuary,Summer,F,M-6,Pimelodus_maculatus,F1179
Area_01,mai,plains,fast-stream,Spring,F,K-4,Prochilodus_lineatus,F1180
Area_03,octobre,pothole,marine,Autumn,F,I-2,Astyanax_fasciatus,F1181
Area_05,mai,valley,river,Winter,F,J-3,Geophagus_brasiliensis,F1182
Area_05,septembre,valley,river,Autumn,F,M-6,Leporinus_friderici,F1183
Area_07,juin,montain,lake,Spring,M,K-4,Astyanax_fasciatus,F1184
Area_01,decembre,valley,lake,Summer,M,H-1,Hoplias_malabaricus,F1185
Area_08,janvier,plains,lake,Summer,M,N-7,Rhamdia_quelen,F1186
Area_04,mars,pothole,river,Summer,F,I-2,Prochilodus_lineatus,F1187
Area_02,aout,plains,marine,Autumn,M,M-6,Astyanax_fasciatus,F1188
Area_03,fevrier,montain,fast-stream,Summer,F,K-4,Leporinus_friderici,F1189
Area_03,mars,valley,marine,Summer,F,K-4,Prochilodus_lineatus,F1190
Area_06,octobre,valley,marine,Autumn,F,L-5,Prochilodus_lineatus,F1191
Area_02,janvier,montain,sky,Summer,M,K-4,Leporinus_friderici,F1192
Area_05,juillet,valley,sky,Winter,M,J-3,Leporinus_friderici,F1193
Area_04,mars,plains,estuary,Summer,F,N-7,Pimelodus_maculatus,F1194
Area_07,mai,plains,fast-stream,Summer,M,J-3,Leporinus_friderici,F1195
Area_07,aout,plains,fast-stream,Autumn,M,N-7,Pimelodus_maculatus,F1196
Area_01,novembre,montain,slow-stream,Autumn,F,K-4,Prochilodus_lineatus,F1197
Area_04,septembre,pothole,marine,Autumn,F,H-1,Astyanax_fasciatus,F1198
Area_03,janvier,valley,fast-stream,Winter,M,K-4,Pimelodus_maculatus,F1199
Area_05,janvier,montain,fast-stream,Spring,M,L-5,Leporinus_friderici,F1200
